,file,northing,easting,yaw
0,/home/hjy/CampusData16/3/Scans/0.pcd,3.76644,0.633715,-1.4726832774423622
1,/home/hjy/CampusData16/3/Scans/1.pcd,3.76583,0.637483,-1.4727447037334167
2,/home/hjy/CampusData16/3/Scans/2.pcd,3.76563,0.640042,-1.472821796732949
3,/home/hjy/CampusData16/3/Scans/3.pcd,3.76526,0.642835,-1.4729751809588831
4,/home/hjy/CampusData16/3/Scans/4.pcd,3.74275,0.690088,-1.4721331610609352
5,/home/hjy/CampusData16/3/Scans/5.pcd,3.73887,0.696431,-1.4739081992755487
6,/home/hjy/CampusData16/3/Scans/6.pcd,3.75121,0.692685,-1.473995793753417
7,/home/hjy/CampusData16/3/Scans/7.pcd,3.74602,0.707355,-1.471804569053327
8,/home/hjy/CampusData16/3/Scans/8.pcd,3.75219,0.698211,-1.4728770286792428
9,/home/hjy/CampusData16/3/Scans/9.pcd,3.74755,0.707389,-1.4716489654836062
10,/home/hjy/CampusData16/3/Scans/10.pcd,3.75456,0.700346,-1.473138228925926
11,/home/hjy/CampusData16/3/Scans/11.pcd,3.7529,0.7106,-1.474688823894686
12,/home/hjy/CampusData16/3/Scans/12.pcd,3.75291,0.714732,-1.4717392607799842
13,/home/hjy/CampusData16/3/Scans/13.pcd,3.75828,0.711664,-1.4736666425044689
14,/home/hjy/CampusData16/3/Scans/14.pcd,3.75992,0.713705,-1.472812479174438
15,/home/hjy/CampusData16/3/Scans/15.pcd,3.758,0.721537,-1.4735896039628584
16,/home/hjy/CampusData16/3/Scans/16.pcd,3.75871,0.72766,-1.4714727223402182
17,/home/hjy/CampusData16/3/Scans/17.pcd,3.76719,0.729019,-1.4738754407453514
18,/home/hjy/CampusData16/3/Scans/18.pcd,3.77111,0.729005,-1.471419517681295
19,/home/hjy/CampusData16/3/Scans/19.pcd,3.77461,0.736142,-1.473048295840623
20,/home/hjy/CampusData16/3/Scans/20.pcd,3.77292,0.738971,-1.4699907990206018
21,/home/hjy/CampusData16/3/Scans/21.pcd,3.77487,0.746536,-1.4727814181709284
22,/home/hjy/CampusData16/3/Scans/22.pcd,3.78258,0.739185,-1.4716402849010692
23,/home/hjy/CampusData16/3/Scans/23.pcd,3.77893,0.749709,-1.470422195407196
24,/home/hjy/CampusData16/3/Scans/24.pcd,3.78024,0.740996,-1.4720218701132293
25,/home/hjy/CampusData16/3/Scans/25.pcd,3.77487,0.753019,-1.4732512358462755
26,/home/hjy/CampusData16/3/Scans/26.pcd,3.7695,0.766204,-1.4700709090322936
27,/home/hjy/CampusData16/3/Scans/27.pcd,3.77725,0.757689,-1.474258554107111
28,/home/hjy/CampusData16/3/Scans/28.pcd,3.77255,0.764314,-1.4710795340156437
29,/home/hjy/CampusData16/3/Scans/29.pcd,3.77778,0.757256,-1.4726809182566438
30,/home/hjy/CampusData16/3/Scans/30.pcd,3.78079,0.754426,-1.4755809591568707
31,/home/hjy/CampusData16/3/Scans/31.pcd,3.78111,0.759304,-1.473760957307805
32,/home/hjy/CampusData16/3/Scans/32.pcd,3.78413,0.763045,-1.475278319432313
33,/home/hjy/CampusData16/3/Scans/33.pcd,3.78339,0.773533,-1.472009925615107
34,/home/hjy/CampusData16/3/Scans/34.pcd,3.78937,0.764355,-1.474352401180596
35,/home/hjy/CampusData16/3/Scans/35.pcd,3.79225,0.777456,-1.472311319549755
36,/home/hjy/CampusData16/3/Scans/36.pcd,3.78557,0.775122,-1.4753957720421684
37,/home/hjy/CampusData16/3/Scans/37.pcd,3.79377,0.773722,-1.475152588173733
38,/home/hjy/CampusData16/3/Scans/38.pcd,3.78879,0.795959,-1.472714221625614
39,/home/hjy/CampusData16/3/Scans/39.pcd,3.79248,0.785979,-1.4735658741774822
40,/home/hjy/CampusData16/3/Scans/40.pcd,3.78913,0.797646,-1.4716778778052106
41,/home/hjy/CampusData16/3/Scans/41.pcd,3.79937,0.790785,-1.4738892106862922
42,/home/hjy/CampusData16/3/Scans/42.pcd,3.79591,0.799923,-1.4744511575804886
43,/home/hjy/CampusData16/3/Scans/43.pcd,3.79685,0.806119,-1.471543543708537
44,/home/hjy/CampusData16/3/Scans/44.pcd,3.80031,0.802696,-1.4742297587037083
45,/home/hjy/CampusData16/3/Scans/45.pcd,3.80291,0.803849,-1.4725037440304698
46,/home/hjy/CampusData16/3/Scans/46.pcd,3.79997,0.813429,-1.47313298118258
47,/home/hjy/CampusData16/3/Scans/47.pcd,3.79882,0.814445,-1.4702795957060881
48,/home/hjy/CampusData16/3/Scans/48.pcd,3.80311,0.812521,-1.4723069397667155
49,/home/hjy/CampusData16/3/Scans/49.pcd,3.80223,0.820973,-1.4696993659873734
50,/home/hjy/CampusData16/3/Scans/50.pcd,3.80383,0.81612,-1.4716178678333298
51,/home/hjy/CampusData16/3/Scans/51.pcd,3.8017,0.825485,-1.4700243169796297
52,/home/hjy/CampusData16/3/Scans/52.pcd,3.80564,0.828558,-1.4730122643868575
53,/home/hjy/CampusData16/3/Scans/53.pcd,3.81026,0.826494,-1.4723037174998688
54,/home/hjy/CampusData16/3/Scans/54.pcd,3.80779,0.83807,-1.4733932398108602
55,/home/hjy/CampusData16/3/Scans/55.pcd,3.80855,0.836442,-1.4724563542136164
56,/home/hjy/CampusData16/3/Scans/56.pcd,3.80853,0.845352,-1.4738017926110132
57,/home/hjy/CampusData16/3/Scans/57.pcd,3.80836,0.843247,-1.4719031622160834
58,/home/hjy/CampusData16/3/Scans/58.pcd,3.81165,0.793453,-1.4728487117222948
59,/home/hjy/CampusData16/3/Scans/59.pcd,3.82531,0.636926,-1.4765269384844402
60,/home/hjy/CampusData16/3/Scans/60.pcd,3.85685,0.394689,-1.4735228372511955
61,/home/hjy/CampusData16/3/Scans/61.pcd,3.88192,0.22933,-1.475926043029878
62,/home/hjy/CampusData16/3/Scans/62.pcd,3.90962,-0.179047,-1.5050132299302288
63,/home/hjy/CampusData16/3/Scans/63.pcd,3.93522,-0.401675,-1.51383205247655
64,/home/hjy/CampusData16/3/Scans/64.pcd,3.94863,-0.608229,-1.5082930682730495
65,/home/hjy/CampusData16/3/Scans/65.pcd,3.98338,-0.896075,-1.5040462353132158
66,/home/hjy/CampusData16/3/Scans/66.pcd,4.02924,-1.46605,-1.5059521653835302
67,/home/hjy/CampusData16/3/Scans/67.pcd,4.07126,-2.2027,-1.5236967021604164
68,/home/hjy/CampusData16/3/Scans/68.pcd,4.07623,-2.90824,-1.5736914052787794
69,/home/hjy/CampusData16/3/Scans/69.pcd,4.02271,-3.44412,-1.6486463576730102
70,/home/hjy/CampusData16/3/Scans/70.pcd,3.98285,-3.85756,-1.6501711792356017
71,/home/hjy/CampusData16/3/Scans/71.pcd,3.94391,-4.20521,-1.6560397582394693
72,/home/hjy/CampusData16/3/Scans/72.pcd,3.88387,-4.8516,-1.6694984587523147
73,/home/hjy/CampusData16/3/Scans/73.pcd,3.85173,-5.11031,-1.6612254805765003
74,/home/hjy/CampusData16/3/Scans/74.pcd,3.79251,-5.8303,-1.6806518224844658
75,/home/hjy/CampusData16/3/Scans/75.pcd,3.75792,-6.22936,-1.6495152318504473
76,/home/hjy/CampusData16/3/Scans/76.pcd,3.66263,-7.08341,-1.6618180428127614
77,/home/hjy/CampusData16/3/Scans/77.pcd,3.64276,-7.4055,-1.6382364100560693
78,/home/hjy/CampusData16/3/Scans/78.pcd,3.58811,-8.05702,-1.6312095217085627
79,/home/hjy/CampusData16/3/Scans/79.pcd,3.54857,-8.74087,-1.640706292633241
80,/home/hjy/CampusData16/3/Scans/80.pcd,3.52493,-9.01613,-1.6257618910578941
81,/home/hjy/CampusData16/3/Scans/81.pcd,3.49472,-9.70868,-1.6373444265699675
82,/home/hjy/CampusData16/3/Scans/82.pcd,3.47746,-10.2918,-1.5768574330822038
83,/home/hjy/CampusData16/3/Scans/83.pcd,3.4547,-10.9536,-1.5812476590982012
84,/home/hjy/CampusData16/3/Scans/84.pcd,3.46496,-11.6474,-1.5925515213709003
85,/home/hjy/CampusData16/3/Scans/85.pcd,3.44871,-11.86,-1.5738800481242905
86,/home/hjy/CampusData16/3/Scans/86.pcd,3.49442,-12.4684,-1.5674378735384042
87,/home/hjy/CampusData16/3/Scans/87.pcd,3.54725,-12.9428,-1.5465520982816798
88,/home/hjy/CampusData16/3/Scans/88.pcd,3.55774,-13.4984,-1.533620851513008
89,/home/hjy/CampusData16/3/Scans/89.pcd,3.6226,-14.5111,-1.5309636841499437
90,/home/hjy/CampusData16/3/Scans/90.pcd,3.66021,-15.2014,-1.5412554123204336
91,/home/hjy/CampusData16/3/Scans/91.pcd,3.67052,-15.4891,-1.529851653534439
92,/home/hjy/CampusData16/3/Scans/92.pcd,3.71736,-16.1792,-1.5375320414805558
93,/home/hjy/CampusData16/3/Scans/93.pcd,3.70175,-16.4801,-1.5279549934472683
94,/home/hjy/CampusData16/3/Scans/94.pcd,3.72929,-16.8219,-1.5214726625659336
95,/home/hjy/CampusData16/3/Scans/95.pcd,3.73612,-17.1669,-1.5421551867009993
96,/home/hjy/CampusData16/3/Scans/96.pcd,3.76324,-17.7835,-1.52069161445948
97,/home/hjy/CampusData16/3/Scans/97.pcd,3.77585,-18.1266,-1.5434594501038628
98,/home/hjy/CampusData16/3/Scans/98.pcd,3.77261,-18.3826,-1.5187410440715763
99,/home/hjy/CampusData16/3/Scans/99.pcd,3.83853,-19.0697,-1.5304914444295148
100,/home/hjy/CampusData16/3/Scans/100.pcd,3.83595,-19.3428,-1.5168689085791263
101,/home/hjy/CampusData16/3/Scans/101.pcd,3.87924,-19.6521,-1.502398510745448
102,/home/hjy/CampusData16/3/Scans/102.pcd,3.88201,-19.9504,-1.527546967333079
103,/home/hjy/CampusData16/3/Scans/103.pcd,3.98112,-20.8947,-1.525111138119402
104,/home/hjy/CampusData16/3/Scans/104.pcd,3.98572,-21.1773,-1.513955090534979
105,/home/hjy/CampusData16/3/Scans/105.pcd,4.05528,-21.8389,-1.5208500143864747
106,/home/hjy/CampusData16/3/Scans/106.pcd,4.08759,-22.4502,-1.5021938682268838
107,/home/hjy/CampusData16/3/Scans/107.pcd,4.09146,-23.0732,-1.5079422491840144
108,/home/hjy/CampusData16/3/Scans/108.pcd,4.1127,-23.3466,-1.4720249132573509
109,/home/hjy/CampusData16/3/Scans/109.pcd,4.15256,-23.8526,-1.4541193178273688
110,/home/hjy/CampusData16/3/Scans/110.pcd,4.22754,-24.3444,-1.4617118094576387
111,/home/hjy/CampusData16/3/Scans/111.pcd,4.24958,-24.5787,-1.4530165515129287
112,/home/hjy/CampusData16/3/Scans/112.pcd,4.36753,-25.023,-1.459617461855415
113,/home/hjy/CampusData16/3/Scans/113.pcd,4.39416,-25.3263,-1.4572895003686492
114,/home/hjy/CampusData16/3/Scans/114.pcd,4.45631,-25.6311,-1.4406645342577413
115,/home/hjy/CampusData16/3/Scans/115.pcd,4.53915,-26.148,-1.4615530710582452
116,/home/hjy/CampusData16/3/Scans/116.pcd,4.5679,-26.43,-1.4491637834266733
117,/home/hjy/CampusData16/3/Scans/117.pcd,4.67843,-27.1317,-1.4818445508270652
118,/home/hjy/CampusData16/3/Scans/118.pcd,4.67735,-27.4067,-1.4850924271452637
119,/home/hjy/CampusData16/3/Scans/119.pcd,4.73176,-27.744,-1.4805798096858407
120,/home/hjy/CampusData16/3/Scans/120.pcd,4.76837,-28.093,-1.5031725121616573
121,/home/hjy/CampusData16/3/Scans/121.pcd,4.76874,-28.3891,-1.4928313429561977
122,/home/hjy/CampusData16/3/Scans/122.pcd,4.83376,-29.2196,-1.5265623949477076
123,/home/hjy/CampusData16/3/Scans/123.pcd,4.88246,-29.6956,-1.510542698110199
124,/home/hjy/CampusData16/3/Scans/124.pcd,4.91147,-30.677,-1.512014505374196
125,/home/hjy/CampusData16/3/Scans/125.pcd,4.90967,-31.3048,-1.5213044407011063
126,/home/hjy/CampusData16/3/Scans/126.pcd,4.94528,-31.6315,-1.5145987992225918
127,/home/hjy/CampusData16/3/Scans/127.pcd,4.95442,-31.9623,-1.5353703734292081
128,/home/hjy/CampusData16/3/Scans/128.pcd,4.94709,-32.2555,-1.5233329327698748
129,/home/hjy/CampusData16/3/Scans/129.pcd,4.99003,-32.5803,-1.5144858450275882
130,/home/hjy/CampusData16/3/Scans/130.pcd,5.005,-33.2012,-1.5226051989342724
131,/home/hjy/CampusData16/3/Scans/131.pcd,5.0609,-33.8698,-1.5333319860578243
132,/home/hjy/CampusData16/3/Scans/132.pcd,5.05236,-34.1693,-1.5190004869671752
133,/home/hjy/CampusData16/3/Scans/133.pcd,5.08061,-34.9317,-1.5322605951737704
134,/home/hjy/CampusData16/3/Scans/134.pcd,5.14865,-35.7489,-1.536388323952797
135,/home/hjy/CampusData16/3/Scans/135.pcd,5.17286,-36.3641,-1.5148780690224437
136,/home/hjy/CampusData16/3/Scans/136.pcd,5.20245,-36.6706,-1.529859994712647
137,/home/hjy/CampusData16/3/Scans/137.pcd,5.24172,-37.4902,-1.5275568538028397
138,/home/hjy/CampusData16/3/Scans/138.pcd,5.23919,-37.6942,-1.5190301469171679
139,/home/hjy/CampusData16/3/Scans/139.pcd,5.24534,-38.2166,-1.518144801171534
140,/home/hjy/CampusData16/3/Scans/140.pcd,5.2703,-38.6182,-1.5228929755297291
141,/home/hjy/CampusData16/3/Scans/141.pcd,5.32304,-38.9823,-1.5286262069464729
142,/home/hjy/CampusData16/3/Scans/142.pcd,5.37953,-39.3994,-1.5175991611746469
143,/home/hjy/CampusData16/3/Scans/143.pcd,5.4188,-39.6208,-1.5250425463452737
144,/home/hjy/CampusData16/3/Scans/144.pcd,5.44752,-40.0149,-1.5122060179943788
145,/home/hjy/CampusData16/3/Scans/145.pcd,5.44267,-40.2048,-1.523482139373321
146,/home/hjy/CampusData16/3/Scans/146.pcd,5.43901,-40.4134,-1.5200733224682457
147,/home/hjy/CampusData16/3/Scans/147.pcd,5.48545,-40.9488,-1.5232186127071337
148,/home/hjy/CampusData16/3/Scans/148.pcd,5.50738,-41.2467,-1.519620800020485
149,/home/hjy/CampusData16/3/Scans/149.pcd,5.56567,-41.8941,-1.530527685996315
150,/home/hjy/CampusData16/3/Scans/150.pcd,5.59661,-42.5193,-1.514319746461929
151,/home/hjy/CampusData16/3/Scans/151.pcd,5.58845,-43.1646,-1.5161536437243117
152,/home/hjy/CampusData16/3/Scans/152.pcd,5.61374,-43.748,-1.5380749674589531
153,/home/hjy/CampusData16/3/Scans/153.pcd,5.63553,-44.0114,-1.5239109261513886
154,/home/hjy/CampusData16/3/Scans/154.pcd,5.69374,-44.5691,-1.5360425256726127
155,/home/hjy/CampusData16/3/Scans/155.pcd,5.69611,-45.2226,-1.5237177564801365
156,/home/hjy/CampusData16/3/Scans/156.pcd,5.755,-45.8419,-1.5238681411150425
157,/home/hjy/CampusData16/3/Scans/157.pcd,5.7696,-46.0562,-1.518759741664393
158,/home/hjy/CampusData16/3/Scans/158.pcd,5.82576,-46.5476,-1.5212596848547115
159,/home/hjy/CampusData16/3/Scans/159.pcd,5.87125,-47.23,-1.5243742919600878
160,/home/hjy/CampusData16/3/Scans/160.pcd,5.86933,-47.4765,-1.5167012142303313
161,/home/hjy/CampusData16/3/Scans/161.pcd,5.9305,-48.0892,-1.5270586641405939
162,/home/hjy/CampusData16/3/Scans/162.pcd,5.92588,-48.3557,-1.5103366497738486
163,/home/hjy/CampusData16/3/Scans/163.pcd,5.96724,-49.1277,-1.513247361710452
164,/home/hjy/CampusData16/3/Scans/164.pcd,5.99502,-49.5686,-1.4807915534480027
165,/home/hjy/CampusData16/3/Scans/165.pcd,6.0382,-50.0901,-1.4810770932702138
166,/home/hjy/CampusData16/3/Scans/166.pcd,6.11973,-50.9179,-1.481108533033621
167,/home/hjy/CampusData16/3/Scans/167.pcd,6.15633,-51.222,-1.47911400237346
168,/home/hjy/CampusData16/3/Scans/168.pcd,6.24205,-51.732,-1.4831512472417878
169,/home/hjy/CampusData16/3/Scans/169.pcd,6.27939,-52.0497,-1.4738858125009733
170,/home/hjy/CampusData16/3/Scans/170.pcd,6.30928,-52.4611,-1.4837181053413058
171,/home/hjy/CampusData16/3/Scans/171.pcd,6.32372,-52.748,-1.4659448946737974
172,/home/hjy/CampusData16/3/Scans/172.pcd,6.35283,-53.0534,-1.4806214106514168
173,/home/hjy/CampusData16/3/Scans/173.pcd,6.45223,-53.806,-1.4725735610831896
174,/home/hjy/CampusData16/3/Scans/174.pcd,6.50919,-54.2331,-1.4813923036854884
175,/home/hjy/CampusData16/3/Scans/175.pcd,6.53715,-54.7206,-1.468980896941127
176,/home/hjy/CampusData16/3/Scans/176.pcd,6.57793,-55.1216,-1.4856066278260753
177,/home/hjy/CampusData16/3/Scans/177.pcd,6.6241,-55.5794,-1.4755992394917585
178,/home/hjy/CampusData16/3/Scans/178.pcd,6.7068,-56.5172,-1.487699391521927
179,/home/hjy/CampusData16/3/Scans/179.pcd,6.72375,-56.6896,-1.4794127945006708
180,/home/hjy/CampusData16/3/Scans/180.pcd,6.76395,-57.0687,-1.4864666417935741
181,/home/hjy/CampusData16/3/Scans/181.pcd,6.82647,-57.4653,-1.4702154698439436
182,/home/hjy/CampusData16/3/Scans/182.pcd,6.88949,-57.9519,-1.4770600442186415
183,/home/hjy/CampusData16/3/Scans/183.pcd,7.06256,-59.5157,-1.489063875029863
184,/home/hjy/CampusData16/3/Scans/184.pcd,7.09418,-59.7821,-1.4714517901389108
185,/home/hjy/CampusData16/3/Scans/185.pcd,7.133,-60.4052,-1.4844997516728105
186,/home/hjy/CampusData16/3/Scans/186.pcd,7.18647,-61.0559,-1.471190426273129
187,/home/hjy/CampusData16/3/Scans/187.pcd,7.20721,-61.38,-1.4932581731331795
188,/home/hjy/CampusData16/3/Scans/188.pcd,7.26388,-61.9427,-1.4722572495253798
189,/home/hjy/CampusData16/3/Scans/189.pcd,7.33718,-62.5276,-1.4774650230111224
190,/home/hjy/CampusData16/3/Scans/190.pcd,7.4193,-63.1631,-1.4960909087762706
191,/home/hjy/CampusData16/3/Scans/191.pcd,7.50293,-64.0508,-1.4870577981763315
192,/home/hjy/CampusData16/3/Scans/192.pcd,7.53758,-64.3482,-1.4713165760895588
193,/home/hjy/CampusData16/3/Scans/193.pcd,7.56094,-64.9597,-1.4928058468221173
194,/home/hjy/CampusData16/3/Scans/194.pcd,7.64116,-65.3605,-1.472682677382041
195,/home/hjy/CampusData16/3/Scans/195.pcd,7.6742,-65.8596,-1.4921027531786029
196,/home/hjy/CampusData16/3/Scans/196.pcd,7.71226,-66.4529,-1.4741212831242931
197,/home/hjy/CampusData16/3/Scans/197.pcd,7.75925,-66.7137,-1.4928231194618002
198,/home/hjy/CampusData16/3/Scans/198.pcd,7.79151,-66.9889,-1.4805762368123678
199,/home/hjy/CampusData16/3/Scans/199.pcd,7.80723,-67.5006,-1.4862470985328
200,/home/hjy/CampusData16/3/Scans/200.pcd,7.88127,-67.7698,-1.4851255687537026
201,/home/hjy/CampusData16/3/Scans/201.pcd,7.84809,-68.3577,-1.5054911202721335
202,/home/hjy/CampusData16/3/Scans/202.pcd,7.91428,-68.7391,-1.5293895112167333
203,/home/hjy/CampusData16/3/Scans/203.pcd,7.93931,-69.0788,-1.5115930574665135
204,/home/hjy/CampusData16/3/Scans/204.pcd,7.94353,-69.5212,-1.5376440039865267
205,/home/hjy/CampusData16/3/Scans/205.pcd,8.02816,-70.9815,-1.5183629815274478
206,/home/hjy/CampusData16/3/Scans/206.pcd,8.09978,-71.5824,-1.5202776858566804
207,/home/hjy/CampusData16/3/Scans/207.pcd,8.11311,-71.94,-1.5169977144866478
208,/home/hjy/CampusData16/3/Scans/208.pcd,8.14814,-72.8683,-1.5128767200437967
209,/home/hjy/CampusData16/3/Scans/209.pcd,8.15699,-73.3979,-1.5161806352126477
210,/home/hjy/CampusData16/3/Scans/210.pcd,8.14072,-73.9297,-1.5304271359161752
211,/home/hjy/CampusData16/3/Scans/211.pcd,8.22236,-74.8143,-1.5358840469919626
212,/home/hjy/CampusData16/3/Scans/212.pcd,8.26045,-75.1087,-1.52016129088834
213,/home/hjy/CampusData16/3/Scans/213.pcd,8.34252,-76.0666,-1.5148630220401356
214,/home/hjy/CampusData16/3/Scans/214.pcd,8.36043,-76.7423,-1.5259298957882983
215,/home/hjy/CampusData16/3/Scans/215.pcd,8.40677,-77.3876,-1.5156065072214926
216,/home/hjy/CampusData16/3/Scans/216.pcd,8.45911,-78.3347,-1.515836598922251
217,/home/hjy/CampusData16/3/Scans/217.pcd,8.48314,-78.965,-1.5157594593151844
218,/home/hjy/CampusData16/3/Scans/218.pcd,8.49827,-79.305,-1.5133715390438125
219,/home/hjy/CampusData16/3/Scans/219.pcd,8.49767,-79.6268,-1.5334516205671866
220,/home/hjy/CampusData16/3/Scans/220.pcd,8.55564,-80.5569,-1.533650760025085
221,/home/hjy/CampusData16/3/Scans/221.pcd,8.58168,-80.7984,-1.516396437767979
222,/home/hjy/CampusData16/3/Scans/222.pcd,8.68584,-81.9746,-1.5138261613774773
223,/home/hjy/CampusData16/3/Scans/223.pcd,8.69476,-82.2928,-1.5264632829721287
224,/home/hjy/CampusData16/3/Scans/224.pcd,8.75288,-82.9463,-1.5135213307292648
225,/home/hjy/CampusData16/3/Scans/225.pcd,8.79662,-83.9193,-1.512422208915297
226,/home/hjy/CampusData16/3/Scans/226.pcd,8.86871,-84.8885,-1.491306870266652
227,/home/hjy/CampusData16/3/Scans/227.pcd,8.95661,-85.8411,-1.4917350045693947
228,/home/hjy/CampusData16/3/Scans/228.pcd,9.02248,-86.7935,-1.4887302726168241
229,/home/hjy/CampusData16/3/Scans/229.pcd,9.02543,-87.1096,-1.5039924449437265
230,/home/hjy/CampusData16/3/Scans/230.pcd,9.09115,-87.7516,-1.4892643052380325
231,/home/hjy/CampusData16/3/Scans/231.pcd,9.09393,-88.0705,-1.5071773663114187
232,/home/hjy/CampusData16/3/Scans/232.pcd,9.15842,-88.7065,-1.4895355416135359
233,/home/hjy/CampusData16/3/Scans/233.pcd,9.1635,-89.0308,-1.5102088672537375
234,/home/hjy/CampusData16/3/Scans/234.pcd,9.21014,-89.3159,-1.4967511313624928
235,/home/hjy/CampusData16/3/Scans/235.pcd,9.31841,-90.4392,-1.485175639000447
236,/home/hjy/CampusData16/3/Scans/236.pcd,9.38007,-91.2206,-1.4923389400902625
237,/home/hjy/CampusData16/3/Scans/237.pcd,9.42234,-91.8803,-1.5036643931448403
238,/home/hjy/CampusData16/3/Scans/238.pcd,9.47471,-92.3646,-1.4854216849424775
239,/home/hjy/CampusData16/3/Scans/239.pcd,9.4751,-92.7075,-1.502526767346552
240,/home/hjy/CampusData16/3/Scans/240.pcd,9.53226,-93.1421,-1.4963543267800241
241,/home/hjy/CampusData16/3/Scans/241.pcd,9.56386,-93.4886,-1.4962655787892023
242,/home/hjy/CampusData16/3/Scans/242.pcd,9.57664,-93.7684,-1.5113357193111625
243,/home/hjy/CampusData16/3/Scans/243.pcd,9.65931,-94.6768,-1.4889059401391855
244,/home/hjy/CampusData16/3/Scans/244.pcd,9.6897,-94.8919,-1.485639152866823
245,/home/hjy/CampusData16/3/Scans/245.pcd,9.69159,-95.1595,-1.48692206826825
246,/home/hjy/CampusData16/3/Scans/246.pcd,9.70443,-95.4138,-1.4952547252805166
247,/home/hjy/CampusData16/3/Scans/247.pcd,9.73186,-95.6738,-1.493077284058028
248,/home/hjy/CampusData16/3/Scans/248.pcd,9.76074,-95.9067,-1.4868461833798328
249,/home/hjy/CampusData16/3/Scans/249.pcd,9.77778,-96.1283,-1.4980520305413967
250,/home/hjy/CampusData16/3/Scans/250.pcd,9.81683,-96.4165,-1.4868769364367898
251,/home/hjy/CampusData16/3/Scans/251.pcd,9.83267,-96.6017,-1.4961560187981902
252,/home/hjy/CampusData16/3/Scans/252.pcd,9.84544,-96.8051,-1.4906664202522661
253,/home/hjy/CampusData16/3/Scans/253.pcd,9.87055,-96.9413,-1.4923033592360742
254,/home/hjy/CampusData16/3/Scans/254.pcd,9.86238,-97.0527,-1.4967892839988721
255,/home/hjy/CampusData16/3/Scans/255.pcd,9.88463,-97.1822,-1.4924591285584783
256,/home/hjy/CampusData16/3/Scans/256.pcd,9.90316,-97.3661,-1.4908530971884577
257,/home/hjy/CampusData16/3/Scans/257.pcd,9.94326,-97.7362,-1.4934302003563311
258,/home/hjy/CampusData16/3/Scans/258.pcd,9.97463,-97.9939,-1.4922145651156897
259,/home/hjy/CampusData16/3/Scans/259.pcd,9.99208,-98.2501,-1.4978956478658962
260,/home/hjy/CampusData16/3/Scans/260.pcd,10.034,-98.69,-1.4885739664646311
261,/home/hjy/CampusData16/3/Scans/261.pcd,10.0594,-99.1523,-1.4997952599063775
262,/home/hjy/CampusData16/3/Scans/262.pcd,10.0692,-99.4886,-1.487016847025583
263,/home/hjy/CampusData16/3/Scans/263.pcd,10.0968,-99.7903,-1.493908730815765
264,/home/hjy/CampusData16/3/Scans/264.pcd,10.118,-100.056,-1.509056938199844
265,/home/hjy/CampusData16/3/Scans/265.pcd,10.1829,-100.493,-1.4604277095711824
266,/home/hjy/CampusData16/3/Scans/266.pcd,10.2285,-100.87,-1.4421923183284615
267,/home/hjy/CampusData16/3/Scans/267.pcd,10.3099,-101.411,-1.4432960245789443
268,/home/hjy/CampusData16/3/Scans/268.pcd,10.351,-101.769,-1.448395091625693
269,/home/hjy/CampusData16/3/Scans/269.pcd,10.4104,-102.003,-1.4473921455403476
270,/home/hjy/CampusData16/3/Scans/270.pcd,10.4796,-102.459,-1.4441426158132122
271,/home/hjy/CampusData16/3/Scans/271.pcd,10.5258,-102.77,-1.4524374905347517
272,/home/hjy/CampusData16/3/Scans/272.pcd,10.7177,-104.007,-1.4342612859597321
273,/home/hjy/CampusData16/3/Scans/273.pcd,10.7871,-104.558,-1.4535244721777778
274,/home/hjy/CampusData16/3/Scans/274.pcd,10.8313,-104.765,-1.438247693910245
275,/home/hjy/CampusData16/3/Scans/275.pcd,10.8549,-105.168,-1.4466803392035408
276,/home/hjy/CampusData16/3/Scans/276.pcd,10.9174,-105.437,-1.434406458518541
277,/home/hjy/CampusData16/3/Scans/277.pcd,10.919,-105.663,-1.445929755300666
278,/home/hjy/CampusData16/3/Scans/278.pcd,10.999,-106.015,-1.4419102857971255
279,/home/hjy/CampusData16/3/Scans/279.pcd,11.0774,-106.589,-1.4471359013577267
280,/home/hjy/CampusData16/3/Scans/280.pcd,11.1552,-107.057,-1.4323749036279354
281,/home/hjy/CampusData16/3/Scans/281.pcd,11.2219,-107.54,-1.4495541505967617
282,/home/hjy/CampusData16/3/Scans/282.pcd,11.298,-108.034,-1.4339469017886504
283,/home/hjy/CampusData16/3/Scans/283.pcd,11.3092,-108.355,-1.4502066193202636
284,/home/hjy/CampusData16/3/Scans/284.pcd,11.3847,-108.689,-1.444104020880384
285,/home/hjy/CampusData16/3/Scans/285.pcd,11.4264,-109.016,-1.4375866001817896
286,/home/hjy/CampusData16/3/Scans/286.pcd,11.4738,-109.497,-1.459460079711769
287,/home/hjy/CampusData16/3/Scans/287.pcd,11.5487,-109.822,-1.441651142766954
288,/home/hjy/CampusData16/3/Scans/288.pcd,11.5575,-110.13,-1.439621689094719
289,/home/hjy/CampusData16/3/Scans/289.pcd,11.6121,-110.46,-1.45820981165767
290,/home/hjy/CampusData16/3/Scans/290.pcd,11.6753,-110.789,-1.4390821020072864
291,/home/hjy/CampusData16/3/Scans/291.pcd,11.6863,-111.099,-1.4384061047223349
292,/home/hjy/CampusData16/3/Scans/292.pcd,11.705,-111.423,-1.4622457414369918
293,/home/hjy/CampusData16/3/Scans/293.pcd,11.7832,-112.068,-1.460297741360328
294,/home/hjy/CampusData16/3/Scans/294.pcd,11.8157,-112.414,-1.5010528921805029
295,/home/hjy/CampusData16/3/Scans/295.pcd,11.8726,-112.696,-1.4835026015666863
296,/home/hjy/CampusData16/3/Scans/296.pcd,11.9037,-113.341,-1.4956983024197021
297,/home/hjy/CampusData16/3/Scans/297.pcd,11.9485,-113.98,-1.4825294348727467
298,/home/hjy/CampusData16/3/Scans/298.pcd,11.9582,-114.33,-1.528213951144861
299,/home/hjy/CampusData16/3/Scans/299.pcd,12.0091,-114.606,-1.5146410339619183
300,/home/hjy/CampusData16/3/Scans/300.pcd,11.9984,-114.934,-1.5128473632480437
301,/home/hjy/CampusData16/3/Scans/301.pcd,12.0193,-115.255,-1.5324475327937046
302,/home/hjy/CampusData16/3/Scans/302.pcd,12.0559,-115.574,-1.5194152897846942
303,/home/hjy/CampusData16/3/Scans/303.pcd,12.0614,-116.216,-1.5363889352129194
304,/home/hjy/CampusData16/3/Scans/304.pcd,12.0854,-116.847,-1.520953082248598
305,/home/hjy/CampusData16/3/Scans/305.pcd,12.1389,-117.476,-1.5233389651098757
306,/home/hjy/CampusData16/3/Scans/306.pcd,12.1466,-118.126,-1.5380981201045247
307,/home/hjy/CampusData16/3/Scans/307.pcd,12.1824,-118.762,-1.5175313942262998
308,/home/hjy/CampusData16/3/Scans/308.pcd,12.197,-119.247,-1.5226132403214778
309,/home/hjy/CampusData16/3/Scans/309.pcd,12.2196,-119.726,-1.5211550315399072
310,/home/hjy/CampusData16/3/Scans/310.pcd,12.2844,-120.368,-1.481646658389723
311,/home/hjy/CampusData16/3/Scans/311.pcd,12.2928,-120.683,-1.4548153056522024
312,/home/hjy/CampusData16/3/Scans/312.pcd,12.3518,-121.152,-1.4670945703804363
313,/home/hjy/CampusData16/3/Scans/313.pcd,12.4174,-121.621,-1.45801902713294
314,/home/hjy/CampusData16/3/Scans/314.pcd,12.4559,-121.951,-1.4742223940884251
315,/home/hjy/CampusData16/3/Scans/315.pcd,12.557,-122.559,-1.45411060874983
316,/home/hjy/CampusData16/3/Scans/316.pcd,12.5947,-122.896,-1.4636307809576976
317,/home/hjy/CampusData16/3/Scans/317.pcd,12.6594,-123.208,-1.450187797672038
318,/home/hjy/CampusData16/3/Scans/318.pcd,12.6757,-123.51,-1.4486280317215323
319,/home/hjy/CampusData16/3/Scans/319.pcd,12.7117,-123.846,-1.465781074617172
320,/home/hjy/CampusData16/3/Scans/320.pcd,12.7964,-124.466,-1.4518097244541355
321,/home/hjy/CampusData16/3/Scans/321.pcd,12.8552,-124.965,-1.4540535686126994
322,/home/hjy/CampusData16/3/Scans/322.pcd,12.9077,-125.284,-1.445352384755733
323,/home/hjy/CampusData16/3/Scans/323.pcd,12.9218,-125.572,-1.444065034667151
324,/home/hjy/CampusData16/3/Scans/324.pcd,13.0403,-126.058,-1.3846994320331876
325,/home/hjy/CampusData16/3/Scans/325.pcd,13.1747,-126.692,-1.3411981532591737
326,/home/hjy/CampusData16/3/Scans/326.pcd,13.2797,-126.986,-1.3244436557223367
327,/home/hjy/CampusData16/3/Scans/327.pcd,13.4561,-127.631,-1.330275804498333
328,/home/hjy/CampusData16/3/Scans/328.pcd,13.6977,-128.476,-1.331148753734751
329,/home/hjy/CampusData16/3/Scans/329.pcd,13.8494,-128.902,-1.308509690837697
330,/home/hjy/CampusData16/3/Scans/330.pcd,13.9752,-129.358,-1.3253654213022135
331,/home/hjy/CampusData16/3/Scans/331.pcd,14.1274,-129.809,-1.2794801481237608
332,/home/hjy/CampusData16/3/Scans/332.pcd,14.2057,-130.108,-1.264964913107415
333,/home/hjy/CampusData16/3/Scans/333.pcd,14.3089,-130.407,-1.2237572930012943
334,/home/hjy/CampusData16/3/Scans/334.pcd,14.7997,-131.426,-1.1020578691405294
335,/home/hjy/CampusData16/3/Scans/335.pcd,14.9624,-131.71,-1.0666354534625755
336,/home/hjy/CampusData16/3/Scans/336.pcd,15.1433,-131.976,-1.0419048330933334
337,/home/hjy/CampusData16/3/Scans/337.pcd,15.3402,-132.214,-0.9915684439448416
338,/home/hjy/CampusData16/3/Scans/338.pcd,15.761,-132.765,-0.9684814194146488
339,/home/hjy/CampusData16/3/Scans/339.pcd,15.9507,-132.971,-0.9450196737165684
340,/home/hjy/CampusData16/3/Scans/340.pcd,16.1621,-133.258,-0.954159935520997
341,/home/hjy/CampusData16/3/Scans/341.pcd,16.4642,-133.584,-0.9496583898672449
342,/home/hjy/CampusData16/3/Scans/342.pcd,16.7855,-134.002,-0.9308007476167641
343,/home/hjy/CampusData16/3/Scans/343.pcd,17.0843,-134.326,-0.9334203844548985
344,/home/hjy/CampusData16/3/Scans/344.pcd,17.283,-134.571,-0.8890294588649866
345,/home/hjy/CampusData16/3/Scans/345.pcd,17.4791,-134.844,-0.8767474350798988
346,/home/hjy/CampusData16/3/Scans/346.pcd,17.7239,-135.031,-0.8259570066152111
347,/home/hjy/CampusData16/3/Scans/347.pcd,18.0743,-135.407,-0.7816200936184725
348,/home/hjy/CampusData16/3/Scans/348.pcd,18.3283,-135.621,-0.7601560925781834
349,/home/hjy/CampusData16/3/Scans/349.pcd,18.5824,-135.8,-0.7103615893671601
350,/home/hjy/CampusData16/3/Scans/350.pcd,18.954,-136.161,-0.6780502106589654
351,/home/hjy/CampusData16/3/Scans/351.pcd,19.3602,-136.323,-0.6041916473685071
352,/home/hjy/CampusData16/3/Scans/352.pcd,19.6515,-136.541,-0.5735864130287459
353,/home/hjy/CampusData16/3/Scans/353.pcd,19.9414,-136.705,-0.5593282085265271
354,/home/hjy/CampusData16/3/Scans/354.pcd,20.2314,-136.794,-0.5360542820977648
355,/home/hjy/CampusData16/3/Scans/355.pcd,20.5299,-137.009,-0.5473084077762576
356,/home/hjy/CampusData16/3/Scans/356.pcd,20.8032,-137.14,-0.5505783533062046
357,/home/hjy/CampusData16/3/Scans/357.pcd,21.0551,-137.235,-0.5258572056909934
358,/home/hjy/CampusData16/3/Scans/358.pcd,21.2976,-137.367,-0.5216057901604899
359,/home/hjy/CampusData16/3/Scans/359.pcd,21.5497,-137.445,-0.5028862925019782
360,/home/hjy/CampusData16/3/Scans/360.pcd,22.0853,-137.674,-0.4158615407876526
361,/home/hjy/CampusData16/3/Scans/361.pcd,22.6907,-137.836,-0.33655300695908236
362,/home/hjy/CampusData16/3/Scans/362.pcd,22.9902,-138.014,-0.3085230717809821
363,/home/hjy/CampusData16/3/Scans/363.pcd,23.2823,-138.052,-0.2965782583834774
364,/home/hjy/CampusData16/3/Scans/364.pcd,23.6068,-138.079,-0.2438086900493206
365,/home/hjy/CampusData16/3/Scans/365.pcd,23.9208,-138.21,-0.21541116741283928
366,/home/hjy/CampusData16/3/Scans/366.pcd,24.2255,-138.203,-0.1933538840716867
367,/home/hjy/CampusData16/3/Scans/367.pcd,24.5358,-138.189,-0.13960097956161482
368,/home/hjy/CampusData16/3/Scans/368.pcd,24.9143,-138.279,-0.10815242967090456
369,/home/hjy/CampusData16/3/Scans/369.pcd,25.2513,-138.295,-0.11205556328144219
370,/home/hjy/CampusData16/3/Scans/370.pcd,25.5068,-138.27,-0.08988016383684852
371,/home/hjy/CampusData16/3/Scans/371.pcd,25.914,-138.33,-0.10348061368978761
372,/home/hjy/CampusData16/3/Scans/372.pcd,26.2004,-138.327,-0.09584238602099802
373,/home/hjy/CampusData16/3/Scans/373.pcd,26.8771,-138.342,-0.08136291303520282
374,/home/hjy/CampusData16/3/Scans/374.pcd,27.1863,-138.348,-0.0919696715406768
375,/home/hjy/CampusData16/3/Scans/375.pcd,27.4326,-138.286,-0.06669985002897898
376,/home/hjy/CampusData16/3/Scans/376.pcd,28.1141,-138.313,-0.017357118836083974
377,/home/hjy/CampusData16/3/Scans/377.pcd,28.8162,-138.314,0.046239647769217615
378,/home/hjy/CampusData16/3/Scans/378.pcd,29.1921,-138.261,0.03233637091033073
379,/home/hjy/CampusData16/3/Scans/379.pcd,29.7082,-138.207,0.03784530207625964
380,/home/hjy/CampusData16/3/Scans/380.pcd,30.1163,-138.135,0.0725731260749554
381,/home/hjy/CampusData16/3/Scans/381.pcd,30.6306,-138.074,0.12700566978314676
382,/home/hjy/CampusData16/3/Scans/382.pcd,30.9655,-138.014,0.13536569433379508
383,/home/hjy/CampusData16/3/Scans/383.pcd,31.2446,-137.943,0.14805019464681674
384,/home/hjy/CampusData16/3/Scans/384.pcd,31.6193,-137.893,0.14358299552550677
385,/home/hjy/CampusData16/3/Scans/385.pcd,31.9006,-137.819,0.15123147628687952
386,/home/hjy/CampusData16/3/Scans/386.pcd,32.1641,-137.735,0.1967730349961086
387,/home/hjy/CampusData16/3/Scans/387.pcd,32.584,-137.672,0.22033623758947318
388,/home/hjy/CampusData16/3/Scans/388.pcd,32.8913,-137.582,0.2083865755504124
389,/home/hjy/CampusData16/3/Scans/389.pcd,33.1336,-137.494,0.2297838888474249
390,/home/hjy/CampusData16/3/Scans/390.pcd,33.6738,-137.39,0.2145683738850152
391,/home/hjy/CampusData16/3/Scans/391.pcd,34.098,-137.216,0.2405042183799609
392,/home/hjy/CampusData16/3/Scans/392.pcd,34.4728,-137.148,0.23149228190675297
393,/home/hjy/CampusData16/3/Scans/393.pcd,34.7591,-137.066,0.22700281208146
394,/home/hjy/CampusData16/3/Scans/394.pcd,35.0139,-136.995,0.23922964238835448
395,/home/hjy/CampusData16/3/Scans/395.pcd,35.3059,-136.935,0.2415510416977422
396,/home/hjy/CampusData16/3/Scans/396.pcd,35.7206,-136.783,0.28979743900597155
397,/home/hjy/CampusData16/3/Scans/397.pcd,36.4651,-136.492,0.36620597265175514
398,/home/hjy/CampusData16/3/Scans/398.pcd,37.0251,-136.217,0.43801343694643546
399,/home/hjy/CampusData16/3/Scans/399.pcd,37.6045,-135.885,0.46412058391805383
400,/home/hjy/CampusData16/3/Scans/400.pcd,38.0694,-135.671,0.4486421300488514
401,/home/hjy/CampusData16/3/Scans/401.pcd,38.4341,-135.402,0.5225408736385849
402,/home/hjy/CampusData16/3/Scans/402.pcd,38.7012,-135.253,0.5395083355574657
403,/home/hjy/CampusData16/3/Scans/403.pcd,38.977,-135.068,0.5735530942585452
404,/home/hjy/CampusData16/3/Scans/404.pcd,39.248,-134.855,0.6290728553250337
405,/home/hjy/CampusData16/3/Scans/405.pcd,39.5024,-134.664,0.6409403797440069
406,/home/hjy/CampusData16/3/Scans/406.pcd,39.9708,-134.243,0.6570351435938684
407,/home/hjy/CampusData16/3/Scans/407.pcd,40.3721,-133.917,0.6451554264468183
408,/home/hjy/CampusData16/3/Scans/408.pcd,40.7033,-133.597,0.6717921142429515
409,/home/hjy/CampusData16/3/Scans/409.pcd,41.2257,-133.178,0.6524799669291675
410,/home/hjy/CampusData16/3/Scans/410.pcd,41.4394,-132.966,0.6763248595570047
411,/home/hjy/CampusData16/3/Scans/411.pcd,41.8305,-132.664,0.6681472028135871
412,/home/hjy/CampusData16/3/Scans/412.pcd,42.1553,-132.331,0.7361328858404234
413,/home/hjy/CampusData16/3/Scans/413.pcd,42.4207,-132.125,0.7524982025092278
414,/home/hjy/CampusData16/3/Scans/414.pcd,42.6547,-131.904,0.7597588538686638
415,/home/hjy/CampusData16/3/Scans/415.pcd,43.3141,-131.253,0.7576213676925789
416,/home/hjy/CampusData16/3/Scans/416.pcd,43.5264,-131.003,0.7767922414286378
417,/home/hjy/CampusData16/3/Scans/417.pcd,43.9919,-130.526,0.7564943562128894
418,/home/hjy/CampusData16/3/Scans/418.pcd,44.4276,-130.054,0.7672111993574434
419,/home/hjy/CampusData16/3/Scans/419.pcd,44.8475,-129.604,0.7882233866256944
420,/home/hjy/CampusData16/3/Scans/420.pcd,45.2833,-129.199,0.7605954517676506
421,/home/hjy/CampusData16/3/Scans/421.pcd,45.4575,-128.973,0.7826199571009943
422,/home/hjy/CampusData16/3/Scans/422.pcd,45.9459,-128.504,0.7663667330322617
423,/home/hjy/CampusData16/3/Scans/423.pcd,46.3928,-128.069,0.7765801371058871
424,/home/hjy/CampusData16/3/Scans/424.pcd,46.8333,-127.606,0.7866927694331652
425,/home/hjy/CampusData16/3/Scans/425.pcd,47.3022,-127.168,0.7655805005443486
426,/home/hjy/CampusData16/3/Scans/426.pcd,47.7647,-126.714,0.768507640348336
427,/home/hjy/CampusData16/3/Scans/427.pcd,48.1832,-126.258,0.7786616633715736
428,/home/hjy/CampusData16/3/Scans/428.pcd,48.6452,-125.786,0.7613556133898569
429,/home/hjy/CampusData16/3/Scans/429.pcd,48.8501,-125.567,0.7753612389384852
430,/home/hjy/CampusData16/3/Scans/430.pcd,49.3157,-125.129,0.7581423844444329
431,/home/hjy/CampusData16/3/Scans/431.pcd,49.49,-124.94,0.7772205696780928
432,/home/hjy/CampusData16/3/Scans/432.pcd,49.7172,-124.732,0.7699161582212443
433,/home/hjy/CampusData16/3/Scans/433.pcd,50.0177,-124.412,0.7688902556955878
434,/home/hjy/CampusData16/3/Scans/434.pcd,50.3741,-124.05,0.7643927460379132
435,/home/hjy/CampusData16/3/Scans/435.pcd,50.5993,-123.824,0.7639384198738505
436,/home/hjy/CampusData16/3/Scans/436.pcd,50.8135,-123.592,0.7832077934139515
437,/home/hjy/CampusData16/3/Scans/437.pcd,51.0629,-123.373,0.7703936058944136
438,/home/hjy/CampusData16/3/Scans/438.pcd,51.2962,-123.148,0.7638206560735704
439,/home/hjy/CampusData16/3/Scans/439.pcd,51.7687,-122.71,0.7677249456713277
440,/home/hjy/CampusData16/3/Scans/440.pcd,52.0005,-122.48,0.7620040799732085
441,/home/hjy/CampusData16/3/Scans/441.pcd,52.2282,-122.267,0.776525639857069
442,/home/hjy/CampusData16/3/Scans/442.pcd,52.611,-121.934,0.7553226542268037
443,/home/hjy/CampusData16/3/Scans/443.pcd,53.1699,-121.374,0.7778963240286145
444,/home/hjy/CampusData16/3/Scans/444.pcd,53.7272,-120.782,0.7868087919045165
445,/home/hjy/CampusData16/3/Scans/445.pcd,53.9682,-120.554,0.7700577489104519
446,/home/hjy/CampusData16/3/Scans/446.pcd,54.5088,-119.988,0.7806909219813726
447,/home/hjy/CampusData16/3/Scans/447.pcd,55.1982,-119.309,0.7799905837910063
448,/home/hjy/CampusData16/3/Scans/448.pcd,55.8725,-118.618,0.7817752142310184
449,/home/hjy/CampusData16/3/Scans/449.pcd,56.3261,-118.154,0.7962511379727982
450,/home/hjy/CampusData16/3/Scans/450.pcd,56.5516,-117.951,0.785429057281914
451,/home/hjy/CampusData16/3/Scans/451.pcd,56.7942,-117.725,0.7809193052219672
452,/home/hjy/CampusData16/3/Scans/452.pcd,57.2444,-117.254,0.7863969723931434
453,/home/hjy/CampusData16/3/Scans/453.pcd,57.9124,-116.592,0.801381050776889
454,/home/hjy/CampusData16/3/Scans/454.pcd,58.1355,-116.346,0.8252478730369747
455,/home/hjy/CampusData16/3/Scans/455.pcd,58.5627,-115.865,0.8243220959422387
456,/home/hjy/CampusData16/3/Scans/456.pcd,59.1815,-115.138,0.8279297801199109
457,/home/hjy/CampusData16/3/Scans/457.pcd,59.6175,-114.641,0.8158223562857678
458,/home/hjy/CampusData16/3/Scans/458.pcd,60.07,-114.201,0.8006757128823343
459,/home/hjy/CampusData16/3/Scans/459.pcd,60.2885,-113.945,0.8143323659755869
460,/home/hjy/CampusData16/3/Scans/460.pcd,60.7501,-113.521,0.7685642730448893
461,/home/hjy/CampusData16/3/Scans/461.pcd,60.9715,-113.306,0.7844145508370899
462,/home/hjy/CampusData16/3/Scans/462.pcd,61.4308,-112.9,0.7645895744423779
463,/home/hjy/CampusData16/3/Scans/463.pcd,61.756,-112.567,0.7721930474181594
464,/home/hjy/CampusData16/3/Scans/464.pcd,62.0633,-112.259,0.7600000574694871
465,/home/hjy/CampusData16/3/Scans/465.pcd,62.2254,-112.057,0.7846125236410647
466,/home/hjy/CampusData16/3/Scans/466.pcd,62.4049,-111.893,0.7762278740024983
467,/home/hjy/CampusData16/3/Scans/467.pcd,62.6748,-111.597,0.7798703539075345
468,/home/hjy/CampusData16/3/Scans/468.pcd,62.9116,-111.413,0.7709986267039235
469,/home/hjy/CampusData16/3/Scans/469.pcd,63.1381,-111.219,0.7726085623095231
470,/home/hjy/CampusData16/3/Scans/470.pcd,63.1997,-111.143,0.7712448346481344
471,/home/hjy/CampusData16/3/Scans/471.pcd,63.214,-111.145,0.7737825370839274
472,/home/hjy/CampusData16/3/Scans/472.pcd,63.2101,-111.153,0.770805923825473
473,/home/hjy/CampusData16/3/Scans/473.pcd,63.2214,-111.137,0.7740226607130408
474,/home/hjy/CampusData16/3/Scans/474.pcd,63.2389,-111.08,0.7688570172345324
475,/home/hjy/CampusData16/3/Scans/475.pcd,63.272,-111.059,0.7715088144554069
476,/home/hjy/CampusData16/3/Scans/476.pcd,63.2712,-111.051,0.7719319808028174
477,/home/hjy/CampusData16/3/Scans/477.pcd,63.2949,-111.036,0.7730426739077619
478,/home/hjy/CampusData16/3/Scans/478.pcd,63.2978,-110.995,0.7754609456103458
479,/home/hjy/CampusData16/3/Scans/479.pcd,63.4063,-110.888,0.7773852293583008
480,/home/hjy/CampusData16/3/Scans/480.pcd,63.4835,-110.804,0.7782671066768678
481,/home/hjy/CampusData16/3/Scans/481.pcd,63.5722,-110.723,0.776066413971617
482,/home/hjy/CampusData16/3/Scans/482.pcd,63.7028,-110.613,0.7760470760595741
483,/home/hjy/CampusData16/3/Scans/483.pcd,63.9227,-110.402,0.7692407707898223
484,/home/hjy/CampusData16/3/Scans/484.pcd,64.0933,-110.24,0.7783788067397797
485,/home/hjy/CampusData16/3/Scans/485.pcd,64.252,-110.071,0.773150490478814
486,/home/hjy/CampusData16/3/Scans/486.pcd,64.3073,-110.008,0.7765093109237318
487,/home/hjy/CampusData16/3/Scans/487.pcd,64.5491,-109.756,0.7819293691512746
488,/home/hjy/CampusData16/3/Scans/488.pcd,64.6608,-109.637,0.7776972225378659
489,/home/hjy/CampusData16/3/Scans/489.pcd,65.1217,-109.145,0.7759687388004674
490,/home/hjy/CampusData16/3/Scans/490.pcd,65.5137,-108.749,0.7812481856922175
491,/home/hjy/CampusData16/3/Scans/491.pcd,65.8983,-108.343,0.772080932162473
492,/home/hjy/CampusData16/3/Scans/492.pcd,66.309,-107.996,0.7742088595871708
493,/home/hjy/CampusData16/3/Scans/493.pcd,66.7705,-107.564,0.7847411013072855
494,/home/hjy/CampusData16/3/Scans/494.pcd,67.1744,-107.15,0.7613526073255483
495,/home/hjy/CampusData16/3/Scans/495.pcd,67.5533,-106.737,0.8225330261865499
496,/home/hjy/CampusData16/3/Scans/496.pcd,67.7154,-106.557,0.8463657846549428
497,/home/hjy/CampusData16/3/Scans/497.pcd,68.0063,-106.209,0.8608342856490472
498,/home/hjy/CampusData16/3/Scans/498.pcd,68.2009,-105.991,0.8698354278081473
499,/home/hjy/CampusData16/3/Scans/499.pcd,68.2615,-105.9,0.8640522783989715
500,/home/hjy/CampusData16/3/Scans/500.pcd,68.4034,-105.731,0.866096816569833
501,/home/hjy/CampusData16/3/Scans/501.pcd,68.4266,-105.67,0.868018648412713
502,/home/hjy/CampusData16/3/Scans/502.pcd,68.4833,-105.575,0.8661287173511254
503,/home/hjy/CampusData16/3/Scans/503.pcd,68.6502,-105.399,0.8737476238331986
504,/home/hjy/CampusData16/3/Scans/504.pcd,68.7296,-105.329,0.9167413002429995
505,/home/hjy/CampusData16/3/Scans/505.pcd,69.1761,-104.566,1.0532915501690576
506,/home/hjy/CampusData16/3/Scans/506.pcd,69.3985,-104.066,1.1225439406960374
507,/home/hjy/CampusData16/3/Scans/507.pcd,69.4669,-103.867,1.1575123881823144
508,/home/hjy/CampusData16/3/Scans/508.pcd,69.5881,-103.359,1.307853993201497
509,/home/hjy/CampusData16/3/Scans/509.pcd,69.6014,-103.089,1.477453159725729
510,/home/hjy/CampusData16/3/Scans/510.pcd,69.6026,-102.921,1.6770968135941173
511,/home/hjy/CampusData16/3/Scans/511.pcd,69.5381,-102.845,1.744529369596213
512,/home/hjy/CampusData16/3/Scans/512.pcd,69.349,-102.628,1.898604310262741
513,/home/hjy/CampusData16/3/Scans/513.pcd,69.2787,-102.498,1.8881546151206088
514,/home/hjy/CampusData16/3/Scans/514.pcd,69.1497,-102.227,1.901422442754301
515,/home/hjy/CampusData16/3/Scans/515.pcd,68.99,-101.829,1.8974911444266835
516,/home/hjy/CampusData16/3/Scans/516.pcd,68.8386,-101.455,1.9082578957343326
517,/home/hjy/CampusData16/3/Scans/517.pcd,68.7263,-101.073,1.9020362044607075
518,/home/hjy/CampusData16/3/Scans/518.pcd,68.6193,-100.776,1.913999217074343
519,/home/hjy/CampusData16/3/Scans/519.pcd,68.4216,-100.124,1.8556690283648067
520,/home/hjy/CampusData16/3/Scans/520.pcd,68.2346,-99.4046,1.787139891695849
521,/home/hjy/CampusData16/3/Scans/521.pcd,68.1109,-98.7703,1.7418134424937248
522,/home/hjy/CampusData16/3/Scans/522.pcd,68.0787,-98.2188,1.642520809515193
523,/home/hjy/CampusData16/3/Scans/523.pcd,68.0604,-97.7143,1.5776155886910324
524,/home/hjy/CampusData16/3/Scans/524.pcd,68.1036,-97.5636,1.5345390325009263
525,/home/hjy/CampusData16/3/Scans/525.pcd,68.1716,-97.169,1.374780608502366
526,/home/hjy/CampusData16/3/Scans/526.pcd,68.3233,-96.9611,1.2066711039686855
527,/home/hjy/CampusData16/3/Scans/527.pcd,68.3693,-96.9351,1.1073407200886072
528,/home/hjy/CampusData16/3/Scans/528.pcd,68.4336,-96.933,1.0203072847852122
529,/home/hjy/CampusData16/3/Scans/529.pcd,68.517,-96.8865,0.9311045958808267
530,/home/hjy/CampusData16/3/Scans/530.pcd,68.5603,-97.0386,0.8131268510069835
531,/home/hjy/CampusData16/3/Scans/531.pcd,68.5947,-97.1012,0.7113757400730143
532,/home/hjy/CampusData16/3/Scans/532.pcd,68.5413,-97.2127,0.6178971918334766
533,/home/hjy/CampusData16/3/Scans/533.pcd,68.5271,-97.2328,0.615609094255704
534,/home/hjy/CampusData16/3/Scans/534.pcd,68.527,-97.2545,0.613509051608372
535,/home/hjy/CampusData16/3/Scans/535.pcd,68.5098,-97.2626,0.6152184873977999
536,/home/hjy/CampusData16/3/Scans/536.pcd,68.5033,-97.2863,0.6164767502441428
537,/home/hjy/CampusData16/3/Scans/537.pcd,68.4923,-97.2815,0.6176456366644003
538,/home/hjy/CampusData16/3/Scans/538.pcd,68.4855,-97.3007,0.6165967568345565
539,/home/hjy/CampusData16/3/Scans/539.pcd,68.4866,-97.3105,0.6164066853073973
540,/home/hjy/CampusData16/3/Scans/540.pcd,68.4757,-97.3222,0.6144673401552522
541,/home/hjy/CampusData16/3/Scans/541.pcd,68.466,-97.3187,0.6150091308970165
542,/home/hjy/CampusData16/3/Scans/542.pcd,68.4554,-97.3354,0.6160749019129954
543,/home/hjy/CampusData16/3/Scans/543.pcd,68.4633,-97.3367,0.6151960238358158
544,/home/hjy/CampusData16/3/Scans/544.pcd,68.4662,-97.3487,0.6147870754808703
545,/home/hjy/CampusData16/3/Scans/545.pcd,68.4677,-97.3574,0.6199189428525229
546,/home/hjy/CampusData16/3/Scans/546.pcd,68.4615,-97.3655,0.6158296177147482
547,/home/hjy/CampusData16/3/Scans/547.pcd,68.467,-97.3607,0.6195630586978735
548,/home/hjy/CampusData16/3/Scans/548.pcd,68.4475,-97.3727,0.6194500224377526
549,/home/hjy/CampusData16/3/Scans/549.pcd,68.4435,-97.3726,0.6196076965211039
550,/home/hjy/CampusData16/3/Scans/550.pcd,68.4931,-97.3695,0.545107004915516
551,/home/hjy/CampusData16/3/Scans/551.pcd,68.5344,-97.4614,0.2924386433330448
552,/home/hjy/CampusData16/3/Scans/552.pcd,68.531,-97.485,0.18972603155794893
553,/home/hjy/CampusData16/3/Scans/553.pcd,68.567,-97.4694,0.17496334676750047
554,/home/hjy/CampusData16/3/Scans/554.pcd,68.7161,-97.4098,0.17177567868634502
555,/home/hjy/CampusData16/3/Scans/555.pcd,68.8343,-97.3957,0.16421683867309603
556,/home/hjy/CampusData16/3/Scans/556.pcd,68.9579,-97.3634,0.16589047751045047
557,/home/hjy/CampusData16/3/Scans/557.pcd,69.3561,-97.2586,0.25126138848168666
558,/home/hjy/CampusData16/3/Scans/558.pcd,69.619,-97.1506,0.45245416729230364
559,/home/hjy/CampusData16/3/Scans/559.pcd,69.6639,-97.1512,0.45358986277353447
560,/home/hjy/CampusData16/3/Scans/560.pcd,69.6117,-97.1421,0.4551792104523794
561,/home/hjy/CampusData16/3/Scans/561.pcd,69.5707,-97.1308,0.4609013153626281
562,/home/hjy/CampusData16/3/Scans/562.pcd,69.5605,-97.1383,0.45942481404964103
563,/home/hjy/CampusData16/3/Scans/563.pcd,69.5978,-97.1458,0.44512495776688643
564,/home/hjy/CampusData16/3/Scans/564.pcd,69.6507,-97.1621,0.3589664467210252
565,/home/hjy/CampusData16/3/Scans/565.pcd,69.699,-97.1755,0.27979813704378476
566,/home/hjy/CampusData16/3/Scans/566.pcd,69.9726,-97.1642,0.028959116519441004
567,/home/hjy/CampusData16/3/Scans/567.pcd,70.2726,-97.1517,0.017353021818232166
568,/home/hjy/CampusData16/3/Scans/568.pcd,70.4471,-97.1321,0.015070080229914224
569,/home/hjy/CampusData16/3/Scans/569.pcd,70.8874,-97.1366,0.004529833649003449
570,/home/hjy/CampusData16/3/Scans/570.pcd,71.4263,-97.1634,0.03397030642769834
571,/home/hjy/CampusData16/3/Scans/571.pcd,71.5562,-97.1138,0.09968579999987334
572,/home/hjy/CampusData16/3/Scans/572.pcd,71.7215,-97.0695,0.1952696096165302
573,/home/hjy/CampusData16/3/Scans/573.pcd,71.9008,-96.9797,0.317509452936103
574,/home/hjy/CampusData16/3/Scans/574.pcd,72.0,-96.9273,0.4129079303756225
575,/home/hjy/CampusData16/3/Scans/575.pcd,72.0996,-96.7618,0.5727361846982691
576,/home/hjy/CampusData16/3/Scans/576.pcd,72.1335,-96.7635,0.5698295986841742
577,/home/hjy/CampusData16/3/Scans/577.pcd,72.2166,-96.6795,0.5779779388589904
578,/home/hjy/CampusData16/3/Scans/578.pcd,72.3628,-96.5637,0.5785134357921179
579,/home/hjy/CampusData16/3/Scans/579.pcd,72.5986,-96.3858,0.5766534422549928
580,/home/hjy/CampusData16/3/Scans/580.pcd,72.7309,-96.2665,0.5767378055584947
581,/home/hjy/CampusData16/3/Scans/581.pcd,73.3071,-95.8988,0.5824482744527485
582,/home/hjy/CampusData16/3/Scans/582.pcd,73.7523,-95.5666,0.6013141298321095
583,/home/hjy/CampusData16/3/Scans/583.pcd,74.418,-95.0769,0.6060243552304053
584,/home/hjy/CampusData16/3/Scans/584.pcd,74.574,-94.9224,0.6106433186664726
585,/home/hjy/CampusData16/3/Scans/585.pcd,74.8055,-94.7569,0.6282209179778783
586,/home/hjy/CampusData16/3/Scans/586.pcd,75.0691,-94.6145,0.6106795540310248
587,/home/hjy/CampusData16/3/Scans/587.pcd,75.3003,-94.4421,0.578867640982229
588,/home/hjy/CampusData16/3/Scans/588.pcd,75.8372,-94.1186,0.560481278552771
589,/home/hjy/CampusData16/3/Scans/589.pcd,76.089,-93.9529,0.568129186530566
590,/home/hjy/CampusData16/3/Scans/590.pcd,76.379,-93.7568,0.5696705551490856
591,/home/hjy/CampusData16/3/Scans/591.pcd,76.7047,-93.6293,0.5471058412100364
592,/home/hjy/CampusData16/3/Scans/592.pcd,77.1028,-93.3353,0.5343453761779365
593,/home/hjy/CampusData16/3/Scans/593.pcd,77.3816,-93.1832,0.5277109486125456
594,/home/hjy/CampusData16/3/Scans/594.pcd,77.6493,-93.0352,0.511474142788047
595,/home/hjy/CampusData16/3/Scans/595.pcd,78.1135,-92.7875,0.4896347516608249
596,/home/hjy/CampusData16/3/Scans/596.pcd,78.3734,-92.6726,0.4575847163246906
597,/home/hjy/CampusData16/3/Scans/597.pcd,78.633,-92.5196,0.4608162900726966
598,/home/hjy/CampusData16/3/Scans/598.pcd,79.4827,-92.0984,0.45930865206409566
599,/home/hjy/CampusData16/3/Scans/599.pcd,79.789,-91.9429,0.47129156310264514
600,/home/hjy/CampusData16/3/Scans/600.pcd,80.3522,-91.6756,0.4581245641318882
601,/home/hjy/CampusData16/3/Scans/601.pcd,80.9271,-91.4079,0.46217916205954607
602,/home/hjy/CampusData16/3/Scans/602.pcd,81.1723,-91.2449,0.5075894071716627
603,/home/hjy/CampusData16/3/Scans/603.pcd,81.4968,-91.0624,0.5372739618367606
604,/home/hjy/CampusData16/3/Scans/604.pcd,82.0056,-90.7712,0.5332789024948457
605,/home/hjy/CampusData16/3/Scans/605.pcd,82.6029,-90.4106,0.5684796791816265
606,/home/hjy/CampusData16/3/Scans/606.pcd,82.8088,-90.2292,0.5706015347474895
607,/home/hjy/CampusData16/3/Scans/607.pcd,83.0823,-90.0275,0.5863084120009531
608,/home/hjy/CampusData16/3/Scans/608.pcd,83.3533,-89.8557,0.5908333211643795
609,/home/hjy/CampusData16/3/Scans/609.pcd,84.116,-89.2386,0.6073847023102673
610,/home/hjy/CampusData16/3/Scans/610.pcd,84.3375,-89.0191,0.6154639714734129
611,/home/hjy/CampusData16/3/Scans/611.pcd,84.6059,-88.834,0.6324453320610803
612,/home/hjy/CampusData16/3/Scans/612.pcd,84.995,-88.5379,0.6067061368447907
613,/home/hjy/CampusData16/3/Scans/613.pcd,85.3708,-88.2484,0.6285775217499655
614,/home/hjy/CampusData16/3/Scans/614.pcd,85.6614,-88.091,0.6091482736521519
615,/home/hjy/CampusData16/3/Scans/615.pcd,85.8845,-87.8985,0.6176118875094325
616,/home/hjy/CampusData16/3/Scans/616.pcd,86.4411,-87.5466,0.6057777174218378
617,/home/hjy/CampusData16/3/Scans/617.pcd,86.9322,-87.155,0.6185414970263745
618,/home/hjy/CampusData16/3/Scans/618.pcd,87.4236,-86.8032,0.6652362050007049
619,/home/hjy/CampusData16/3/Scans/619.pcd,87.6585,-86.5743,0.7083797506431395
620,/home/hjy/CampusData16/3/Scans/620.pcd,88.1437,-86.1737,0.7108627704182745
621,/home/hjy/CampusData16/3/Scans/621.pcd,88.8305,-85.5056,0.7608729263966293
622,/home/hjy/CampusData16/3/Scans/622.pcd,89.3034,-85.0353,0.7583222980674796
623,/home/hjy/CampusData16/3/Scans/623.pcd,89.476,-84.8092,0.7675962531105656
624,/home/hjy/CampusData16/3/Scans/624.pcd,89.6758,-84.5994,0.7863138498506917
625,/home/hjy/CampusData16/3/Scans/625.pcd,89.9005,-84.4131,0.765922853186605
626,/home/hjy/CampusData16/3/Scans/626.pcd,90.4393,-83.8815,0.7716622595103482
627,/home/hjy/CampusData16/3/Scans/627.pcd,90.5833,-83.6695,0.8078155402028188
628,/home/hjy/CampusData16/3/Scans/628.pcd,91.0227,-83.1854,0.842985526997199
629,/home/hjy/CampusData16/3/Scans/629.pcd,91.3893,-82.7166,0.8636633390195914
630,/home/hjy/CampusData16/3/Scans/630.pcd,91.7156,-82.3424,0.8495408710007664
631,/home/hjy/CampusData16/3/Scans/631.pcd,91.8754,-82.1609,0.8654319552789633
632,/home/hjy/CampusData16/3/Scans/632.pcd,92.1329,-81.8343,0.8527480009103406
633,/home/hjy/CampusData16/3/Scans/633.pcd,92.4192,-81.4586,0.8764375633696128
634,/home/hjy/CampusData16/3/Scans/634.pcd,92.6048,-81.1259,0.9547931886090857
635,/home/hjy/CampusData16/3/Scans/635.pcd,92.8316,-80.8041,0.9502824027491037
636,/home/hjy/CampusData16/3/Scans/636.pcd,92.9355,-80.6204,0.9622935190581957
637,/home/hjy/CampusData16/3/Scans/637.pcd,93.0986,-80.4177,0.9485274496215281
638,/home/hjy/CampusData16/3/Scans/638.pcd,93.5507,-79.7139,0.9666498742873979
639,/home/hjy/CampusData16/3/Scans/639.pcd,93.7087,-79.4487,1.0144907223545683
640,/home/hjy/CampusData16/3/Scans/640.pcd,93.8611,-79.1659,1.053516308615553
641,/home/hjy/CampusData16/3/Scans/641.pcd,94.0949,-78.7407,1.0845316035810968
642,/home/hjy/CampusData16/3/Scans/642.pcd,94.2765,-78.3039,1.1556653653737918
643,/home/hjy/CampusData16/3/Scans/643.pcd,94.4284,-78.0154,1.1722463419851314
644,/home/hjy/CampusData16/3/Scans/644.pcd,94.5852,-77.4031,1.2642666244847653
645,/home/hjy/CampusData16/3/Scans/645.pcd,94.7167,-76.9648,1.2987885008358482
646,/home/hjy/CampusData16/3/Scans/646.pcd,94.8189,-76.459,1.3803754192800222
647,/home/hjy/CampusData16/3/Scans/647.pcd,94.9132,-75.8478,1.4351243921503443
648,/home/hjy/CampusData16/3/Scans/648.pcd,94.97,-75.1321,1.4949659796277288
649,/home/hjy/CampusData16/3/Scans/649.pcd,94.9244,-74.5024,1.5889132854517367
650,/home/hjy/CampusData16/3/Scans/650.pcd,94.8789,-73.8634,1.5952340032520265
651,/home/hjy/CampusData16/3/Scans/651.pcd,94.8517,-73.1592,1.5948015239189561
652,/home/hjy/CampusData16/3/Scans/652.pcd,94.7689,-72.5096,1.6198135543980152
653,/home/hjy/CampusData16/3/Scans/653.pcd,94.7679,-72.1847,1.6003376952437482
654,/home/hjy/CampusData16/3/Scans/654.pcd,94.6855,-71.5403,1.6223886909052339
655,/home/hjy/CampusData16/3/Scans/655.pcd,94.6587,-71.0442,1.605107095465625
656,/home/hjy/CampusData16/3/Scans/656.pcd,94.6136,-70.5506,1.6241415664384318
657,/home/hjy/CampusData16/3/Scans/657.pcd,94.5699,-69.9503,1.6119179928621634
658,/home/hjy/CampusData16/3/Scans/658.pcd,94.5341,-69.2504,1.6016715355353917
659,/home/hjy/CampusData16/3/Scans/659.pcd,94.5274,-68.9734,1.6098308896548899
660,/home/hjy/CampusData16/3/Scans/660.pcd,94.4796,-68.2552,1.5941401671939428
661,/home/hjy/CampusData16/3/Scans/661.pcd,94.4818,-68.0275,1.6027414993019728
662,/home/hjy/CampusData16/3/Scans/662.pcd,94.4319,-67.4588,1.6162802344483584
663,/home/hjy/CampusData16/3/Scans/663.pcd,94.4298,-67.0544,1.6119269405271095
664,/home/hjy/CampusData16/3/Scans/664.pcd,94.3862,-66.6867,1.6272199509508753
665,/home/hjy/CampusData16/3/Scans/665.pcd,94.37,-66.0919,1.613033651678681
666,/home/hjy/CampusData16/3/Scans/666.pcd,94.3288,-65.7252,1.6260006582829996
667,/home/hjy/CampusData16/3/Scans/667.pcd,94.3197,-65.3857,1.6050461003110978
668,/home/hjy/CampusData16/3/Scans/668.pcd,94.2912,-64.9834,1.6210763589034378
669,/home/hjy/CampusData16/3/Scans/669.pcd,94.2673,-64.4203,1.604646567879954
670,/home/hjy/CampusData16/3/Scans/670.pcd,94.2766,-64.1628,1.613122354770347
671,/home/hjy/CampusData16/3/Scans/671.pcd,94.2415,-63.7941,1.621934712892809
672,/home/hjy/CampusData16/3/Scans/672.pcd,94.2379,-63.4562,1.6023434337202958
673,/home/hjy/CampusData16/3/Scans/673.pcd,94.2422,-63.1931,1.6124320029606545
674,/home/hjy/CampusData16/3/Scans/674.pcd,94.2049,-62.8385,1.623645021613148
675,/home/hjy/CampusData16/3/Scans/675.pcd,94.1829,-62.4981,1.6023106996408347
676,/home/hjy/CampusData16/3/Scans/676.pcd,94.1945,-62.2126,1.6128918167252253
677,/home/hjy/CampusData16/3/Scans/677.pcd,94.1564,-61.5151,1.604589736241079
678,/home/hjy/CampusData16/3/Scans/678.pcd,94.1576,-61.2415,1.6150987964168628
679,/home/hjy/CampusData16/3/Scans/679.pcd,94.1174,-60.9159,1.6232408411081065
680,/home/hjy/CampusData16/3/Scans/680.pcd,94.1077,-60.5678,1.6042876833376214
681,/home/hjy/CampusData16/3/Scans/681.pcd,94.1157,-60.2893,1.6143250771412643
682,/home/hjy/CampusData16/3/Scans/682.pcd,94.0795,-59.9533,1.6260325195413876
683,/home/hjy/CampusData16/3/Scans/683.pcd,94.0767,-59.6095,1.6048403528572714
684,/home/hjy/CampusData16/3/Scans/684.pcd,94.0888,-59.3309,1.6135668287654608
685,/home/hjy/CampusData16/3/Scans/685.pcd,94.0498,-58.6444,1.6026018267894786
686,/home/hjy/CampusData16/3/Scans/686.pcd,94.0601,-58.3941,1.6375917213967714
687,/home/hjy/CampusData16/3/Scans/687.pcd,93.9696,-57.6995,1.6666011987466982
688,/home/hjy/CampusData16/3/Scans/688.pcd,93.9754,-57.4129,1.6773053832495184
689,/home/hjy/CampusData16/3/Scans/689.pcd,93.8733,-56.7552,1.670841392924587
690,/home/hjy/CampusData16/3/Scans/690.pcd,93.8576,-56.4574,1.6812902712016822
691,/home/hjy/CampusData16/3/Scans/691.pcd,93.7511,-55.803,1.67680686395319
692,/home/hjy/CampusData16/3/Scans/692.pcd,93.7374,-55.5037,1.6870585013163342
693,/home/hjy/CampusData16/3/Scans/693.pcd,93.6488,-55.0145,1.6861672506300176
694,/home/hjy/CampusData16/3/Scans/694.pcd,93.6316,-54.5635,1.6858247475183765
695,/home/hjy/CampusData16/3/Scans/695.pcd,93.5191,-53.8933,1.675296234533591
696,/home/hjy/CampusData16/3/Scans/696.pcd,93.514,-53.6058,1.686001473604498
697,/home/hjy/CampusData16/3/Scans/697.pcd,93.4093,-53.1105,1.6894304309944128
698,/home/hjy/CampusData16/3/Scans/698.pcd,93.3859,-52.8016,1.6784419675758369
699,/home/hjy/CampusData16/3/Scans/699.pcd,93.3439,-52.5065,1.696266258510293
700,/home/hjy/CampusData16/3/Scans/700.pcd,93.2681,-52.0257,1.7175815418027987
701,/home/hjy/CampusData16/3/Scans/701.pcd,93.2445,-51.7458,1.7621494414114374
702,/home/hjy/CampusData16/3/Scans/702.pcd,93.1447,-51.4348,1.8004609054236544
703,/home/hjy/CampusData16/3/Scans/703.pcd,93.0564,-51.0927,1.817595658907951
704,/home/hjy/CampusData16/3/Scans/704.pcd,93.0024,-50.7926,1.863043367767152
705,/home/hjy/CampusData16/3/Scans/705.pcd,92.8603,-50.4986,1.9065132085314538
706,/home/hjy/CampusData16/3/Scans/706.pcd,92.6115,-49.8682,1.945650694118875
707,/home/hjy/CampusData16/3/Scans/707.pcd,92.4415,-49.5844,1.9553861451371777
708,/home/hjy/CampusData16/3/Scans/708.pcd,92.3098,-49.275,1.9413698654069855
709,/home/hjy/CampusData16/3/Scans/709.pcd,92.2138,-49.0223,1.9572699917964749
710,/home/hjy/CampusData16/3/Scans/710.pcd,91.8813,-48.4302,2.0217056884372355
711,/home/hjy/CampusData16/3/Scans/711.pcd,91.5333,-47.8967,2.110522414574351
712,/home/hjy/CampusData16/3/Scans/712.pcd,91.3612,-47.6171,2.1246718550922785
713,/home/hjy/CampusData16/3/Scans/713.pcd,91.187,-47.3822,2.16475567963746
714,/home/hjy/CampusData16/3/Scans/714.pcd,90.9473,-47.0797,2.1803315386015876
715,/home/hjy/CampusData16/3/Scans/715.pcd,90.7536,-46.8071,2.1644003352706975
716,/home/hjy/CampusData16/3/Scans/716.pcd,90.6279,-46.6217,2.1805189358621773
717,/home/hjy/CampusData16/3/Scans/717.pcd,90.258,-46.2366,2.2384338599999785
718,/home/hjy/CampusData16/3/Scans/718.pcd,89.9543,-45.8796,2.2586181973918427
719,/home/hjy/CampusData16/3/Scans/719.pcd,89.5663,-45.4952,2.2635490681552075
720,/home/hjy/CampusData16/3/Scans/720.pcd,89.3754,-45.2846,2.2568455619008176
721,/home/hjy/CampusData16/3/Scans/721.pcd,89.216,-45.069,2.2760650359779
722,/home/hjy/CampusData16/3/Scans/722.pcd,88.7855,-44.6717,2.269845307084689
723,/home/hjy/CampusData16/3/Scans/723.pcd,88.6233,-44.4634,2.272150095181025
724,/home/hjy/CampusData16/3/Scans/724.pcd,88.4016,-44.2232,2.302075059159045
725,/home/hjy/CampusData16/3/Scans/725.pcd,88.1511,-44.0028,2.313225579393906
726,/home/hjy/CampusData16/3/Scans/726.pcd,87.9438,-43.7772,2.3317212918367147
727,/home/hjy/CampusData16/3/Scans/727.pcd,87.6799,-43.5412,2.346644523375437
728,/home/hjy/CampusData16/3/Scans/728.pcd,87.2825,-43.0802,2.3275152981296374
729,/home/hjy/CampusData16/3/Scans/729.pcd,86.8887,-42.7428,2.333191497702305
730,/home/hjy/CampusData16/3/Scans/730.pcd,86.7117,-42.5387,2.3577882624893194
731,/home/hjy/CampusData16/3/Scans/731.pcd,86.4794,-42.3479,2.4060094236931344
732,/home/hjy/CampusData16/3/Scans/732.pcd,86.0522,-42.0175,2.439839260409377
733,/home/hjy/CampusData16/3/Scans/733.pcd,85.5217,-41.6791,2.535810325287936
734,/home/hjy/CampusData16/3/Scans/734.pcd,85.0195,-41.3336,2.5925988301734972
735,/home/hjy/CampusData16/3/Scans/735.pcd,84.7188,-41.2228,2.6450428813921127
736,/home/hjy/CampusData16/3/Scans/736.pcd,84.2835,-41.0185,2.6883385007774643
737,/home/hjy/CampusData16/3/Scans/737.pcd,83.9155,-40.952,2.7537397548635805
738,/home/hjy/CampusData16/3/Scans/738.pcd,83.7489,-40.8877,2.7842121380391784
739,/home/hjy/CampusData16/3/Scans/739.pcd,83.6531,-40.8705,2.861937122830244
740,/home/hjy/CampusData16/3/Scans/740.pcd,83.4698,-40.9209,2.9506478289756974
741,/home/hjy/CampusData16/3/Scans/741.pcd,83.3735,-40.9326,3.039687902038909
742,/home/hjy/CampusData16/3/Scans/742.pcd,83.296,-40.9999,3.138856684815291
743,/home/hjy/CampusData16/3/Scans/743.pcd,83.1311,-41.0808,-3.029317903544982
744,/home/hjy/CampusData16/3/Scans/744.pcd,83.0629,-41.1552,-2.925614432044265
745,/home/hjy/CampusData16/3/Scans/745.pcd,82.941,-41.2603,-2.8299199518825224
746,/home/hjy/CampusData16/3/Scans/746.pcd,82.7962,-41.3228,-2.748270621330654
747,/home/hjy/CampusData16/3/Scans/747.pcd,82.5854,-41.4189,-2.7243702920610904
748,/home/hjy/CampusData16/3/Scans/748.pcd,82.3945,-41.5319,-2.716813337198756
749,/home/hjy/CampusData16/3/Scans/749.pcd,82.0157,-41.7153,-2.7277613294864014
750,/home/hjy/CampusData16/3/Scans/750.pcd,81.4775,-42.0277,-2.7271943215253067
751,/home/hjy/CampusData16/3/Scans/751.pcd,81.2518,-42.1723,-2.723893494095486
752,/home/hjy/CampusData16/3/Scans/752.pcd,80.9018,-42.3695,-2.6986094243579286
753,/home/hjy/CampusData16/3/Scans/753.pcd,80.3565,-42.6622,-2.7165699372154606
754,/home/hjy/CampusData16/3/Scans/754.pcd,79.6786,-42.9465,-2.7641242262395007
755,/home/hjy/CampusData16/3/Scans/755.pcd,79.0651,-43.2034,-2.8106384056882385
756,/home/hjy/CampusData16/3/Scans/756.pcd,78.7473,-43.2869,-2.8308735815008017
757,/home/hjy/CampusData16/3/Scans/757.pcd,78.4736,-43.4097,-2.8277804235826207
758,/home/hjy/CampusData16/3/Scans/758.pcd,78.0871,-43.5239,-2.8218468342287553
759,/home/hjy/CampusData16/3/Scans/759.pcd,77.7707,-43.5782,-2.8676271284551804
760,/home/hjy/CampusData16/3/Scans/760.pcd,77.5014,-43.6451,-2.9000888563297025
761,/home/hjy/CampusData16/3/Scans/761.pcd,77.153,-43.7251,-2.922491935580388
762,/home/hjy/CampusData16/3/Scans/762.pcd,76.832,-43.7625,-2.9770352561075875
763,/home/hjy/CampusData16/3/Scans/763.pcd,76.5518,-43.8253,-3.007003479158622
764,/home/hjy/CampusData16/3/Scans/764.pcd,76.1808,-43.8624,-3.0321340980641347
765,/home/hjy/CampusData16/3/Scans/765.pcd,75.8709,-43.8681,-3.0670903444846767
766,/home/hjy/CampusData16/3/Scans/766.pcd,75.5815,-43.8942,-3.0617760647649623
767,/home/hjy/CampusData16/3/Scans/767.pcd,75.2674,-43.8951,-3.0616104889286038
768,/home/hjy/CampusData16/3/Scans/768.pcd,74.6414,-43.93,-3.0793726675410906
769,/home/hjy/CampusData16/3/Scans/769.pcd,74.3047,-43.9175,-3.0740888420495334
770,/home/hjy/CampusData16/3/Scans/770.pcd,73.6709,-43.9336,-3.124290336352536
771,/home/hjy/CampusData16/3/Scans/771.pcd,73.0174,-43.9127,3.0895667341355337
772,/home/hjy/CampusData16/3/Scans/772.pcd,72.7226,-43.9011,3.0635713973867387
773,/home/hjy/CampusData16/3/Scans/773.pcd,72.3948,-43.887,3.04090190962187
774,/home/hjy/CampusData16/3/Scans/774.pcd,72.0522,-43.8441,2.99079063235838
775,/home/hjy/CampusData16/3/Scans/775.pcd,71.7618,-43.7971,2.9654409084911473
776,/home/hjy/CampusData16/3/Scans/776.pcd,71.4204,-43.7151,2.934978674331132
777,/home/hjy/CampusData16/3/Scans/777.pcd,71.1133,-43.6023,2.8750017395285936
778,/home/hjy/CampusData16/3/Scans/778.pcd,70.8361,-43.5131,2.8558344868268386
779,/home/hjy/CampusData16/3/Scans/779.pcd,70.494,-43.4031,2.8252568354067433
780,/home/hjy/CampusData16/3/Scans/780.pcd,70.1981,-43.2557,2.763331390213069
781,/home/hjy/CampusData16/3/Scans/781.pcd,69.6139,-42.9868,2.7578386332002216
782,/home/hjy/CampusData16/3/Scans/782.pcd,69.326,-42.8516,2.730197054135657
783,/home/hjy/CampusData16/3/Scans/783.pcd,69.0512,-42.7229,2.7401374575820423
784,/home/hjy/CampusData16/3/Scans/784.pcd,68.4604,-42.4214,2.720945025903784
785,/home/hjy/CampusData16/3/Scans/785.pcd,68.1739,-42.2989,2.732200456185247
786,/home/hjy/CampusData16/3/Scans/786.pcd,67.88,-42.1733,2.738073493494086
787,/home/hjy/CampusData16/3/Scans/787.pcd,67.5872,-42.0103,2.7180887246772647
788,/home/hjy/CampusData16/3/Scans/788.pcd,67.3267,-41.8865,2.7254625791953058
789,/home/hjy/CampusData16/3/Scans/789.pcd,67.0212,-41.7463,2.6997732259523013
790,/home/hjy/CampusData16/3/Scans/790.pcd,66.7129,-41.5899,2.644857838105658
791,/home/hjy/CampusData16/3/Scans/791.pcd,66.4978,-41.492,2.644179717467169
792,/home/hjy/CampusData16/3/Scans/792.pcd,66.2059,-41.336,2.6622484231707584
793,/home/hjy/CampusData16/3/Scans/793.pcd,65.6876,-40.9977,2.6509267915604733
794,/home/hjy/CampusData16/3/Scans/794.pcd,65.08,-40.6603,2.6398763536103735
795,/home/hjy/CampusData16/3/Scans/795.pcd,64.5674,-40.353,2.6542949436704215
796,/home/hjy/CampusData16/3/Scans/796.pcd,64.2401,-40.1934,2.6350672114674634
797,/home/hjy/CampusData16/3/Scans/797.pcd,63.6991,-39.8945,2.66034862163523
798,/home/hjy/CampusData16/3/Scans/798.pcd,63.4002,-39.7269,2.637609374708869
799,/home/hjy/CampusData16/3/Scans/799.pcd,63.1977,-39.6019,2.671601319959891
800,/home/hjy/CampusData16/3/Scans/800.pcd,62.8731,-39.4554,2.7018838040661697
801,/home/hjy/CampusData16/3/Scans/801.pcd,62.5854,-39.2904,2.676388542675744
802,/home/hjy/CampusData16/3/Scans/802.pcd,61.9995,-39.0082,2.634943135562371
803,/home/hjy/CampusData16/3/Scans/803.pcd,61.7359,-38.8482,2.6080196390853168
804,/home/hjy/CampusData16/3/Scans/804.pcd,61.1926,-38.5316,2.6223022231035054
805,/home/hjy/CampusData16/3/Scans/805.pcd,60.9183,-38.3736,2.584086067233807
806,/home/hjy/CampusData16/3/Scans/806.pcd,60.6827,-38.2154,2.5940525921381252
807,/home/hjy/CampusData16/3/Scans/807.pcd,60.1326,-37.8318,2.5781704362585893
808,/home/hjy/CampusData16/3/Scans/808.pcd,59.875,-37.6783,2.5838356953505293
809,/home/hjy/CampusData16/3/Scans/809.pcd,59.5596,-37.4848,2.5530521865432814
810,/home/hjy/CampusData16/3/Scans/810.pcd,59.3377,-37.3153,2.5197111276539954
811,/home/hjy/CampusData16/3/Scans/811.pcd,59.0986,-37.1486,2.533622025254941
812,/home/hjy/CampusData16/3/Scans/812.pcd,58.3313,-36.5481,2.449643607611024
813,/home/hjy/CampusData16/3/Scans/813.pcd,58.0815,-36.3095,2.4244967678786016
814,/home/hjy/CampusData16/3/Scans/814.pcd,57.8625,-36.0552,2.3622063056533427
815,/home/hjy/CampusData16/3/Scans/815.pcd,57.6981,-35.867,2.344027347068949
816,/home/hjy/CampusData16/3/Scans/816.pcd,57.3451,-35.4932,2.284276975780292
817,/home/hjy/CampusData16/3/Scans/817.pcd,57.0893,-35.1041,2.240514468682846
818,/home/hjy/CampusData16/3/Scans/818.pcd,56.7846,-34.6854,2.1756821388513523
819,/home/hjy/CampusData16/3/Scans/819.pcd,56.5549,-34.2708,2.127618473821113
820,/home/hjy/CampusData16/3/Scans/820.pcd,56.4022,-33.9623,2.0916120661619995
821,/home/hjy/CampusData16/3/Scans/821.pcd,56.1714,-33.3612,2.0117025863427074
822,/home/hjy/CampusData16/3/Scans/822.pcd,56.039,-33.0537,1.976716210643072
823,/home/hjy/CampusData16/3/Scans/823.pcd,55.9424,-32.7348,1.9215555868335952
824,/home/hjy/CampusData16/3/Scans/824.pcd,55.8752,-32.4332,1.9034122608168487
825,/home/hjy/CampusData16/3/Scans/825.pcd,55.7817,-32.1109,1.8712807145049497
826,/home/hjy/CampusData16/3/Scans/826.pcd,55.7255,-31.774,1.8071086310456657
827,/home/hjy/CampusData16/3/Scans/827.pcd,55.6978,-31.4982,1.7874497625860932
828,/home/hjy/CampusData16/3/Scans/828.pcd,55.5988,-30.8304,1.7384541722322016
829,/home/hjy/CampusData16/3/Scans/829.pcd,55.5202,-30.2061,1.7612648744063006
830,/home/hjy/CampusData16/3/Scans/830.pcd,55.4807,-29.5716,1.7471349691415905
831,/home/hjy/CampusData16/3/Scans/831.pcd,55.4038,-29.2483,1.758526281928347
832,/home/hjy/CampusData16/3/Scans/832.pcd,55.3555,-28.5955,1.7461036778718155
833,/home/hjy/CampusData16/3/Scans/833.pcd,55.271,-28.2718,1.757204037477531
834,/home/hjy/CampusData16/3/Scans/834.pcd,55.2008,-27.6521,1.7455278850656066
835,/home/hjy/CampusData16/3/Scans/835.pcd,55.1244,-27.3185,1.7563943390862227
836,/home/hjy/CampusData16/3/Scans/836.pcd,55.073,-26.6904,1.6811128198344716
837,/home/hjy/CampusData16/3/Scans/837.pcd,55.0252,-26.3674,1.6617953328620083
838,/home/hjy/CampusData16/3/Scans/838.pcd,55.007,-25.748,1.6587132084257254
839,/home/hjy/CampusData16/3/Scans/839.pcd,54.9604,-25.0889,1.6449851878212658
840,/home/hjy/CampusData16/3/Scans/840.pcd,54.8996,-24.4394,1.6663775581264668
841,/home/hjy/CampusData16/3/Scans/841.pcd,54.8977,-24.1175,1.6456576631441602
842,/home/hjy/CampusData16/3/Scans/842.pcd,54.8375,-23.4757,1.6666251614032443
843,/home/hjy/CampusData16/3/Scans/843.pcd,54.835,-23.1529,1.6476487046454515
844,/home/hjy/CampusData16/3/Scans/844.pcd,54.7768,-22.4987,1.6471066335575897
845,/home/hjy/CampusData16/3/Scans/845.pcd,54.7873,-22.1837,1.6294597260283434
846,/home/hjy/CampusData16/3/Scans/846.pcd,54.7257,-21.558,1.6521816668788227
847,/home/hjy/CampusData16/3/Scans/847.pcd,54.722,-21.226,1.634076542258381
848,/home/hjy/CampusData16/3/Scans/848.pcd,54.655,-20.5706,1.6489978702651382
849,/home/hjy/CampusData16/3/Scans/849.pcd,54.6558,-20.2585,1.6325672928887631
850,/home/hjy/CampusData16/3/Scans/850.pcd,54.6416,-19.7802,1.6538589336320764
851,/home/hjy/CampusData16/3/Scans/851.pcd,54.5898,-19.3065,1.631019433090069
852,/home/hjy/CampusData16/3/Scans/852.pcd,54.5248,-18.6613,1.6518676083534876
853,/home/hjy/CampusData16/3/Scans/853.pcd,54.5099,-18.3441,1.6332680112269422
854,/home/hjy/CampusData16/3/Scans/854.pcd,54.4472,-17.7297,1.6595883630206525
855,/home/hjy/CampusData16/3/Scans/855.pcd,54.4361,-17.3894,1.6409737115249659
856,/home/hjy/CampusData16/3/Scans/856.pcd,54.3917,-16.7571,1.6627738215071797
857,/home/hjy/CampusData16/3/Scans/857.pcd,54.3879,-16.4364,1.6444760599753458
858,/home/hjy/CampusData16/3/Scans/858.pcd,54.308,-15.8137,1.6619036174728419
859,/home/hjy/CampusData16/3/Scans/859.pcd,54.2989,-15.4875,1.6393825818801706
860,/home/hjy/CampusData16/3/Scans/860.pcd,54.2235,-14.8669,1.6553485551017513
861,/home/hjy/CampusData16/3/Scans/861.pcd,54.2055,-14.5331,1.6370308635281443
862,/home/hjy/CampusData16/3/Scans/862.pcd,54.1772,-14.0644,1.6289437001987201
863,/home/hjy/CampusData16/3/Scans/863.pcd,54.1466,-13.5869,1.6021490069014004
864,/home/hjy/CampusData16/3/Scans/864.pcd,54.1174,-12.9517,1.6171459586950647
865,/home/hjy/CampusData16/3/Scans/865.pcd,54.1157,-12.6249,1.5976045264344394
866,/home/hjy/CampusData16/3/Scans/866.pcd,54.1112,-12.3095,1.6104275147144334
867,/home/hjy/CampusData16/3/Scans/867.pcd,54.0813,-11.6485,1.5945620505957308
868,/home/hjy/CampusData16/3/Scans/868.pcd,54.0568,-11.0128,1.6142113062625985
869,/home/hjy/CampusData16/3/Scans/869.pcd,54.0518,-10.6918,1.5911496550319335
870,/home/hjy/CampusData16/3/Scans/870.pcd,54.0461,-10.3816,1.6046572220519342
871,/home/hjy/CampusData16/3/Scans/871.pcd,54.0112,-9.72497,1.5912085294543528
872,/home/hjy/CampusData16/3/Scans/872.pcd,53.9605,-9.08654,1.610702607933535
873,/home/hjy/CampusData16/3/Scans/873.pcd,53.9699,-8.76551,1.5941175011046238
874,/home/hjy/CampusData16/3/Scans/874.pcd,53.9205,-8.14021,1.6141260713397803
875,/home/hjy/CampusData16/3/Scans/875.pcd,53.9244,-7.78748,1.5951308787726557
876,/home/hjy/CampusData16/3/Scans/876.pcd,53.8684,-7.15594,1.6123398793318904
877,/home/hjy/CampusData16/3/Scans/877.pcd,53.8695,-6.83651,1.596435870014675
878,/home/hjy/CampusData16/3/Scans/878.pcd,53.8432,-6.52648,1.6112006417032725
879,/home/hjy/CampusData16/3/Scans/879.pcd,53.8311,-6.18857,1.6148585352249012
880,/home/hjy/CampusData16/3/Scans/880.pcd,53.8083,-5.55104,1.6080455116451275
881,/home/hjy/CampusData16/3/Scans/881.pcd,53.7951,-5.229,1.6137167497932248
882,/home/hjy/CampusData16/3/Scans/882.pcd,53.7856,-4.60223,1.6089561189742345
883,/home/hjy/CampusData16/3/Scans/883.pcd,53.7681,-4.26854,1.6134408850579103
884,/home/hjy/CampusData16/3/Scans/884.pcd,53.7465,-3.64283,1.6116306398727616
885,/home/hjy/CampusData16/3/Scans/885.pcd,53.7338,-3.31265,1.6178259662333292
886,/home/hjy/CampusData16/3/Scans/886.pcd,53.73,-2.97432,1.596143326775679
887,/home/hjy/CampusData16/3/Scans/887.pcd,53.714,-2.6826,1.6116323380141186
888,/home/hjy/CampusData16/3/Scans/888.pcd,53.7018,-2.01285,1.599459118874154
889,/home/hjy/CampusData16/3/Scans/889.pcd,53.6912,-1.73184,1.6253547032850895
890,/home/hjy/CampusData16/3/Scans/890.pcd,53.6371,-1.07463,1.6755134644922782
891,/home/hjy/CampusData16/3/Scans/891.pcd,53.5897,-0.73939,1.7196654157882134
892,/home/hjy/CampusData16/3/Scans/892.pcd,53.4818,-0.0893953,1.7120281370045893
893,/home/hjy/CampusData16/3/Scans/893.pcd,53.4211,0.209298,1.7256958851591022
894,/home/hjy/CampusData16/3/Scans/894.pcd,53.3278,0.672711,1.7238097433914024
895,/home/hjy/CampusData16/3/Scans/895.pcd,53.2505,1.16455,1.7322107600577885
896,/home/hjy/CampusData16/3/Scans/896.pcd,53.1609,1.81493,1.7195823394079377
897,/home/hjy/CampusData16/3/Scans/897.pcd,53.1076,2.11652,1.734873160188582
898,/home/hjy/CampusData16/3/Scans/898.pcd,53.0377,2.4192,1.736724125020624
899,/home/hjy/CampusData16/3/Scans/899.pcd,53.0007,2.74158,1.7172269899261514
900,/home/hjy/CampusData16/3/Scans/900.pcd,52.959,3.03162,1.731884755904412
901,/home/hjy/CampusData16/3/Scans/901.pcd,52.8719,3.50988,1.7234360814239995
902,/home/hjy/CampusData16/3/Scans/902.pcd,52.786,3.96886,1.7301661184862924
903,/home/hjy/CampusData16/3/Scans/903.pcd,52.6607,4.62918,1.7223634336765243
904,/home/hjy/CampusData16/3/Scans/904.pcd,52.5432,5.25024,1.7364674880225015
905,/home/hjy/CampusData16/3/Scans/905.pcd,52.5046,5.57279,1.7174288140375293
906,/home/hjy/CampusData16/3/Scans/906.pcd,52.4366,5.87961,1.7339937746741858
907,/home/hjy/CampusData16/3/Scans/907.pcd,52.3623,6.19252,1.735351683773776
908,/home/hjy/CampusData16/3/Scans/908.pcd,52.3382,6.51516,1.716427304728524
909,/home/hjy/CampusData16/3/Scans/909.pcd,52.1903,7.1322,1.7267059070529214
910,/home/hjy/CampusData16/3/Scans/910.pcd,52.1672,7.46211,1.7107189438053694
911,/home/hjy/CampusData16/3/Scans/911.pcd,52.0648,8.09421,1.724754307692851
912,/home/hjy/CampusData16/3/Scans/912.pcd,52.0501,8.43978,1.6943053818455687
913,/home/hjy/CampusData16/3/Scans/913.pcd,51.9723,9.09531,1.6416860373251168
914,/home/hjy/CampusData16/3/Scans/914.pcd,51.9718,9.71385,1.5802745900004709
915,/home/hjy/CampusData16/3/Scans/915.pcd,52.0382,10.386,1.4854466404420519
916,/home/hjy/CampusData16/3/Scans/916.pcd,52.061,10.6674,1.4705006337184556
917,/home/hjy/CampusData16/3/Scans/917.pcd,52.113,11.0345,1.4302284828245735
918,/home/hjy/CampusData16/3/Scans/918.pcd,52.2003,11.3582,1.3761688464076567
919,/home/hjy/CampusData16/3/Scans/919.pcd,52.2679,11.637,1.362297519017191
920,/home/hjy/CampusData16/3/Scans/920.pcd,52.3437,11.9426,1.354333350774323
921,/home/hjy/CampusData16/3/Scans/921.pcd,52.5106,12.513,1.403978110829472
922,/home/hjy/CampusData16/3/Scans/922.pcd,52.5622,12.8368,1.439925232568178
923,/home/hjy/CampusData16/3/Scans/923.pcd,52.6302,13.1554,1.4150966967859393
924,/home/hjy/CampusData16/3/Scans/924.pcd,52.6659,13.608,1.4889777969558016
925,/home/hjy/CampusData16/3/Scans/925.pcd,52.6992,13.8358,1.5088822182496242
926,/home/hjy/CampusData16/3/Scans/926.pcd,52.7156,14.0228,1.554968669983952
927,/home/hjy/CampusData16/3/Scans/927.pcd,52.6969,14.1869,1.5958579985295878
928,/home/hjy/CampusData16/3/Scans/928.pcd,52.6239,14.449,1.7694611094004458
929,/home/hjy/CampusData16/3/Scans/929.pcd,52.568,14.5677,1.8528989158326095
930,/home/hjy/CampusData16/3/Scans/930.pcd,52.4827,14.6389,1.945052214681351
931,/home/hjy/CampusData16/3/Scans/931.pcd,52.3913,14.6683,2.0440258419797495
932,/home/hjy/CampusData16/3/Scans/932.pcd,52.2354,14.8623,2.0504250539641835
933,/home/hjy/CampusData16/3/Scans/933.pcd,52.1562,14.9198,2.053084070020635
934,/home/hjy/CampusData16/3/Scans/934.pcd,51.9839,15.1772,2.0550749000694655
935,/home/hjy/CampusData16/3/Scans/935.pcd,51.8878,15.3107,2.0595388248210362
936,/home/hjy/CampusData16/3/Scans/936.pcd,51.5527,15.9294,2.0500234306499245
937,/home/hjy/CampusData16/3/Scans/937.pcd,51.2762,16.4539,2.045394156230616
938,/home/hjy/CampusData16/3/Scans/938.pcd,51.1088,16.7163,2.057179975145373
939,/home/hjy/CampusData16/3/Scans/939.pcd,50.8069,17.3198,2.0430546998250776
940,/home/hjy/CampusData16/3/Scans/940.pcd,50.5518,17.7645,2.061987214427763
941,/home/hjy/CampusData16/3/Scans/941.pcd,50.4129,18.0726,2.045189802511685
942,/home/hjy/CampusData16/3/Scans/942.pcd,50.2341,18.3571,2.0491860338321244
943,/home/hjy/CampusData16/3/Scans/943.pcd,50.0563,18.6397,2.086326520262326
944,/home/hjy/CampusData16/3/Scans/944.pcd,49.9355,18.9508,2.0971516662457668
945,/home/hjy/CampusData16/3/Scans/945.pcd,49.7424,19.2186,2.101912845793625
946,/home/hjy/CampusData16/3/Scans/946.pcd,49.4723,19.6278,2.123950406073635
947,/home/hjy/CampusData16/3/Scans/947.pcd,49.3007,19.8809,2.140940563770173
948,/home/hjy/CampusData16/3/Scans/948.pcd,48.916,20.4348,2.179081446063486
949,/home/hjy/CampusData16/3/Scans/949.pcd,48.527,20.9084,2.1868552590558337
950,/home/hjy/CampusData16/3/Scans/950.pcd,48.3356,21.2171,2.18699840800666
951,/home/hjy/CampusData16/3/Scans/951.pcd,48.1652,21.4687,2.1744468359643765
952,/home/hjy/CampusData16/3/Scans/952.pcd,47.7712,21.995,2.1885186583043788
953,/home/hjy/CampusData16/3/Scans/953.pcd,47.3918,22.4569,2.1898481249556414
954,/home/hjy/CampusData16/3/Scans/954.pcd,47.0338,23.0264,2.1756378236459546
955,/home/hjy/CampusData16/3/Scans/955.pcd,46.631,23.5333,2.1918938093599616
956,/home/hjy/CampusData16/3/Scans/956.pcd,46.2304,23.9875,2.2591215801032525
957,/home/hjy/CampusData16/3/Scans/957.pcd,45.8162,24.496,2.262217154042442
958,/home/hjy/CampusData16/3/Scans/958.pcd,45.3697,24.933,2.287950777270088
959,/home/hjy/CampusData16/3/Scans/959.pcd,44.6844,25.5935,2.3939885470652977
960,/home/hjy/CampusData16/3/Scans/960.pcd,44.1966,25.9718,2.410656941534292
961,/home/hjy/CampusData16/3/Scans/961.pcd,43.9502,26.2091,2.409248941640205
962,/home/hjy/CampusData16/3/Scans/962.pcd,43.2135,26.7848,2.428155402675456
963,/home/hjy/CampusData16/3/Scans/963.pcd,42.8463,27.0868,2.4634411949885333
964,/home/hjy/CampusData16/3/Scans/964.pcd,42.5722,27.2797,2.47671324425734
965,/home/hjy/CampusData16/3/Scans/965.pcd,42.3394,27.505,2.458891435116695
966,/home/hjy/CampusData16/3/Scans/966.pcd,42.0581,27.6619,2.4642110777923274
967,/home/hjy/CampusData16/3/Scans/967.pcd,41.4319,28.125,2.4848198856631027
968,/home/hjy/CampusData16/3/Scans/968.pcd,41.1538,28.2876,2.524728054022076
969,/home/hjy/CampusData16/3/Scans/969.pcd,40.8847,28.5093,2.5216650510070666
970,/home/hjy/CampusData16/3/Scans/970.pcd,40.3637,28.8202,2.5235284682910426
971,/home/hjy/CampusData16/3/Scans/971.pcd,39.8447,29.2232,2.5091122393758623
972,/home/hjy/CampusData16/3/Scans/972.pcd,39.2909,29.5814,2.526571275618324
973,/home/hjy/CampusData16/3/Scans/973.pcd,38.7737,29.8919,2.5279944678146404
974,/home/hjy/CampusData16/3/Scans/974.pcd,37.986,30.4314,2.526727283298456
975,/home/hjy/CampusData16/3/Scans/975.pcd,37.2057,30.9635,2.5272191190843096
976,/home/hjy/CampusData16/3/Scans/976.pcd,36.4245,31.492,2.525525879102062
977,/home/hjy/CampusData16/3/Scans/977.pcd,36.1546,31.7399,2.5225918785712653
978,/home/hjy/CampusData16/3/Scans/978.pcd,35.6376,32.0572,2.5239023733707353
979,/home/hjy/CampusData16/3/Scans/979.pcd,34.8491,32.6176,2.52494020856715
980,/home/hjy/CampusData16/3/Scans/980.pcd,33.3025,33.7164,2.520681953322962
981,/home/hjy/CampusData16/3/Scans/981.pcd,32.9401,34.0648,2.5121846689812934
982,/home/hjy/CampusData16/3/Scans/982.pcd,32.5292,34.2659,2.524470601423104
983,/home/hjy/CampusData16/3/Scans/983.pcd,32.2643,34.4975,2.5191769589699997
984,/home/hjy/CampusData16/3/Scans/984.pcd,32.0092,34.6802,2.504659006625137
985,/home/hjy/CampusData16/3/Scans/985.pcd,31.7531,34.8132,2.522081699425131
986,/home/hjy/CampusData16/3/Scans/986.pcd,30.7626,35.5977,2.4901530340978293
987,/home/hjy/CampusData16/3/Scans/987.pcd,30.2742,35.9275,2.4958945777946697
988,/home/hjy/CampusData16/3/Scans/988.pcd,30.003,36.1606,2.4901650465593916
989,/home/hjy/CampusData16/3/Scans/989.pcd,29.7709,36.3318,2.4761379028614754
990,/home/hjy/CampusData16/3/Scans/990.pcd,29.2503,36.7151,2.4871948830154462
991,/home/hjy/CampusData16/3/Scans/991.pcd,28.7474,37.0609,2.4901369744638595
992,/home/hjy/CampusData16/3/Scans/992.pcd,27.9891,37.6408,2.492191949971591
993,/home/hjy/CampusData16/3/Scans/993.pcd,27.4956,38.0609,2.4785876761442376
994,/home/hjy/CampusData16/3/Scans/994.pcd,27.2291,38.2211,2.4901962852421686
995,/home/hjy/CampusData16/3/Scans/995.pcd,26.9812,38.4727,2.4532065293841745
996,/home/hjy/CampusData16/3/Scans/996.pcd,26.7499,38.6546,2.4196677683816272
997,/home/hjy/CampusData16/3/Scans/997.pcd,26.2614,39.062,2.4268035271514
998,/home/hjy/CampusData16/3/Scans/998.pcd,25.7894,39.4348,2.4333184761257356
999,/home/hjy/CampusData16/3/Scans/999.pcd,25.2944,39.8502,2.483743418687513
1000,/home/hjy/CampusData16/3/Scans/1000.pcd,25.0291,40.0117,2.530509770798692
1001,/home/hjy/CampusData16/3/Scans/1001.pcd,24.5222,40.3843,2.5819428104395343
1002,/home/hjy/CampusData16/3/Scans/1002.pcd,24.256,40.5028,2.630124914371279
1003,/home/hjy/CampusData16/3/Scans/1003.pcd,23.6983,40.8223,2.6961854641676863
1004,/home/hjy/CampusData16/3/Scans/1004.pcd,23.0781,41.0323,2.7818051594225723
1005,/home/hjy/CampusData16/3/Scans/1005.pcd,22.5149,41.1713,2.854876636138916
1006,/home/hjy/CampusData16/3/Scans/1006.pcd,22.1427,41.26,2.8897004829718984
1007,/home/hjy/CampusData16/3/Scans/1007.pcd,21.8868,41.3226,2.9118560070953086
1008,/home/hjy/CampusData16/3/Scans/1008.pcd,21.6162,41.3329,2.9610049655033546
1009,/home/hjy/CampusData16/3/Scans/1009.pcd,21.2203,41.4085,2.997783844948856
1010,/home/hjy/CampusData16/3/Scans/1010.pcd,20.9268,41.4023,3.0179915801050647
1011,/home/hjy/CampusData16/3/Scans/1011.pcd,20.6586,41.3711,3.0689684685485448
1012,/home/hjy/CampusData16/3/Scans/1012.pcd,20.2652,41.4107,3.1058515505526274
1013,/home/hjy/CampusData16/3/Scans/1013.pcd,19.9717,41.4102,3.1256875957333383
1014,/home/hjy/CampusData16/3/Scans/1014.pcd,19.2718,41.339,-3.1335037148490876
1015,/home/hjy/CampusData16/3/Scans/1015.pcd,18.7002,41.2677,-3.123222315179476
1016,/home/hjy/CampusData16/3/Scans/1016.pcd,18.2982,41.2819,-3.125573564600098
1017,/home/hjy/CampusData16/3/Scans/1017.pcd,18.0052,41.2351,-3.133941590089885
1018,/home/hjy/CampusData16/3/Scans/1018.pcd,17.7653,41.1918,-3.118276514974521
1019,/home/hjy/CampusData16/3/Scans/1019.pcd,17.3594,41.2029,-3.1203806726204806
1020,/home/hjy/CampusData16/3/Scans/1020.pcd,16.4013,41.1449,-3.11581168329023
1021,/home/hjy/CampusData16/3/Scans/1021.pcd,16.0997,41.1167,-3.1253267497743797
1022,/home/hjy/CampusData16/3/Scans/1022.pcd,15.4244,41.0797,-3.118908575947684
1023,/home/hjy/CampusData16/3/Scans/1023.pcd,14.9111,41.0353,-3.083070190691673
1024,/home/hjy/CampusData16/3/Scans/1024.pcd,14.5385,41.0247,-3.048105489989442
1025,/home/hjy/CampusData16/3/Scans/1025.pcd,13.9321,40.8852,-2.9942741037342895
1026,/home/hjy/CampusData16/3/Scans/1026.pcd,13.265,40.7882,-3.0068224212297845
1027,/home/hjy/CampusData16/3/Scans/1027.pcd,12.603,40.6335,-2.9892106913537417
1028,/home/hjy/CampusData16/3/Scans/1028.pcd,12.3761,40.577,-2.9697398326617828
1029,/home/hjy/CampusData16/3/Scans/1029.pcd,12.0775,40.491,-2.949985500092518
1030,/home/hjy/CampusData16/3/Scans/1030.pcd,11.6722,40.4236,-2.952063109925961
1031,/home/hjy/CampusData16/3/Scans/1031.pcd,11.3916,40.3736,-2.961030708026097
1032,/home/hjy/CampusData16/3/Scans/1032.pcd,10.7901,40.2453,-2.9394469210028795
1033,/home/hjy/CampusData16/3/Scans/1033.pcd,10.4657,40.1812,-2.934846888385677
1034,/home/hjy/CampusData16/3/Scans/1034.pcd,9.82362,40.0026,-2.9232405209501806
1035,/home/hjy/CampusData16/3/Scans/1035.pcd,9.33754,39.8439,-2.866995641985534
1036,/home/hjy/CampusData16/3/Scans/1036.pcd,8.95584,39.7234,-2.8291550340497698
1037,/home/hjy/CampusData16/3/Scans/1037.pcd,8.69909,39.6458,-2.813343985235751
1038,/home/hjy/CampusData16/3/Scans/1038.pcd,7.71598,39.2869,-2.8249937787392554
1039,/home/hjy/CampusData16/3/Scans/1039.pcd,7.4597,39.159,-2.838160870996032
1040,/home/hjy/CampusData16/3/Scans/1040.pcd,7.14388,39.0778,-2.8544254433234593
1041,/home/hjy/CampusData16/3/Scans/1041.pcd,6.90961,38.9863,-2.8412331590624773
1042,/home/hjy/CampusData16/3/Scans/1042.pcd,6.6177,38.8564,-2.8165290011725466
1043,/home/hjy/CampusData16/3/Scans/1043.pcd,6.18622,38.7366,-2.8401000909012977
1044,/home/hjy/CampusData16/3/Scans/1044.pcd,5.64987,38.5702,-2.8965856216788772
1045,/home/hjy/CampusData16/3/Scans/1045.pcd,5.03396,38.4341,-2.9286840012796946
1046,/home/hjy/CampusData16/3/Scans/1046.pcd,4.3838,38.2972,-2.924583220039241
1047,/home/hjy/CampusData16/3/Scans/1047.pcd,4.06646,38.2592,-2.95408246273555
1048,/home/hjy/CampusData16/3/Scans/1048.pcd,3.4505,38.1196,-2.956369467294907
1049,/home/hjy/CampusData16/3/Scans/1049.pcd,3.16542,38.0782,-2.970145240652403
1050,/home/hjy/CampusData16/3/Scans/1050.pcd,2.51452,37.9555,-2.9594144490853576
1051,/home/hjy/CampusData16/3/Scans/1051.pcd,1.93616,37.803,-2.959004198936946
1052,/home/hjy/CampusData16/3/Scans/1052.pcd,1.62066,37.7997,-2.9445160067229605
1053,/home/hjy/CampusData16/3/Scans/1053.pcd,1.3539,37.7198,-2.926312564513858
1054,/home/hjy/CampusData16/3/Scans/1054.pcd,0.814387,37.5747,-2.839514868212585
1055,/home/hjy/CampusData16/3/Scans/1055.pcd,0.598083,37.4818,-2.822471520777741
1056,/home/hjy/CampusData16/3/Scans/1056.pcd,0.2522,37.3013,-2.7355195916821278
1057,/home/hjy/CampusData16/3/Scans/1057.pcd,0.146035,37.2421,-2.690273494764648
1058,/home/hjy/CampusData16/3/Scans/1058.pcd,-0.0348712,37.0488,-2.5068296034613247
1059,/home/hjy/CampusData16/3/Scans/1059.pcd,-0.0861918,36.9954,-2.41419217262134
1060,/home/hjy/CampusData16/3/Scans/1060.pcd,-0.0958804,36.8374,-2.233749967448742
1061,/home/hjy/CampusData16/3/Scans/1061.pcd,-0.0277263,36.7597,-2.0429220834624955
1062,/home/hjy/CampusData16/3/Scans/1062.pcd,0.0756445,36.7075,-1.863819493866178
1063,/home/hjy/CampusData16/3/Scans/1063.pcd,0.151086,36.7515,-1.7689258112538262
1064,/home/hjy/CampusData16/3/Scans/1064.pcd,0.23988,36.7041,-1.5917666652404472
1065,/home/hjy/CampusData16/3/Scans/1065.pcd,0.242345,36.5856,-1.55536516676053
1066,/home/hjy/CampusData16/3/Scans/1066.pcd,0.252912,36.4038,-1.5468812369997182
1067,/home/hjy/CampusData16/3/Scans/1067.pcd,0.336839,36.2643,-1.5042182405215712
1068,/home/hjy/CampusData16/3/Scans/1068.pcd,0.38395,36.1146,-1.4147450861605582
1069,/home/hjy/CampusData16/3/Scans/1069.pcd,0.419813,35.8683,-1.3675091772600159
1070,/home/hjy/CampusData16/3/Scans/1070.pcd,0.527295,35.38,-1.3732972426655483
1071,/home/hjy/CampusData16/3/Scans/1071.pcd,0.602556,35.1916,-1.3598072953609448
1072,/home/hjy/CampusData16/3/Scans/1072.pcd,0.655734,34.8885,-1.3642244406568813
1073,/home/hjy/CampusData16/3/Scans/1073.pcd,0.733612,34.5937,-1.3688073634426787
1074,/home/hjy/CampusData16/3/Scans/1074.pcd,0.831275,34.329,-1.3542134992087973
1075,/home/hjy/CampusData16/3/Scans/1075.pcd,0.866117,33.9823,-1.3606963566582493
1076,/home/hjy/CampusData16/3/Scans/1076.pcd,0.945411,33.6315,-1.366163523323453
1077,/home/hjy/CampusData16/3/Scans/1077.pcd,1.0938,32.9611,-1.363985016364364
1078,/home/hjy/CampusData16/3/Scans/1078.pcd,1.16745,32.6143,-1.3855138967792382
1079,/home/hjy/CampusData16/3/Scans/1079.pcd,1.27319,32.3249,-1.3825078275573919
1080,/home/hjy/CampusData16/3/Scans/1080.pcd,1.3326,31.7828,-1.4074297899520194
1081,/home/hjy/CampusData16/3/Scans/1081.pcd,1.42895,31.3119,-1.432157930661121
1082,/home/hjy/CampusData16/3/Scans/1082.pcd,1.52872,30.6277,-1.466237547391582
1083,/home/hjy/CampusData16/3/Scans/1083.pcd,1.54806,30.3385,-1.4456183308435144
1084,/home/hjy/CampusData16/3/Scans/1084.pcd,1.60468,29.9853,-1.4558753505294286
1085,/home/hjy/CampusData16/3/Scans/1085.pcd,1.62596,29.6513,-1.4734267950110176
1086,/home/hjy/CampusData16/3/Scans/1086.pcd,1.71932,29.0145,-1.4594871034734582
1087,/home/hjy/CampusData16/3/Scans/1087.pcd,1.73363,28.6974,-1.4785889184742513
1088,/home/hjy/CampusData16/3/Scans/1088.pcd,1.82022,28.04,-1.4618401322029193
1089,/home/hjy/CampusData16/3/Scans/1089.pcd,1.84545,27.7102,-1.4770152486145152
1090,/home/hjy/CampusData16/3/Scans/1090.pcd,1.92046,27.0609,-1.4849405576039285
1091,/home/hjy/CampusData16/3/Scans/1091.pcd,1.93572,26.7463,-1.51809215012105
1092,/home/hjy/CampusData16/3/Scans/1092.pcd,2.00209,26.0768,-1.516090938133346
1093,/home/hjy/CampusData16/3/Scans/1093.pcd,1.98319,25.7673,-1.5476878646073893
1094,/home/hjy/CampusData16/3/Scans/1094.pcd,2.03078,25.109,-1.5384143714521972
1095,/home/hjy/CampusData16/3/Scans/1095.pcd,1.99208,24.4681,-1.5666894906169149
1096,/home/hjy/CampusData16/3/Scans/1096.pcd,1.9781,23.8018,-1.63483187906883
1097,/home/hjy/CampusData16/3/Scans/1097.pcd,1.92221,23.4975,-1.6163791072487754
1098,/home/hjy/CampusData16/3/Scans/1098.pcd,1.92133,23.1638,-1.6240247099222087
1099,/home/hjy/CampusData16/3/Scans/1099.pcd,1.85587,22.8542,-1.64169221595076
1100,/home/hjy/CampusData16/3/Scans/1100.pcd,1.82421,22.5548,-1.6244198853937037
1101,/home/hjy/CampusData16/3/Scans/1101.pcd,1.78555,21.896,-1.6520711786554154
1102,/home/hjy/CampusData16/3/Scans/1102.pcd,1.76087,21.609,-1.6311459138542657
1103,/home/hjy/CampusData16/3/Scans/1103.pcd,1.73313,20.9475,-1.6482665450591296
1104,/home/hjy/CampusData16/3/Scans/1104.pcd,1.69525,20.6486,-1.626683973658499
1105,/home/hjy/CampusData16/3/Scans/1105.pcd,1.64269,20.0074,-1.6520169147260233
1106,/home/hjy/CampusData16/3/Scans/1106.pcd,1.61943,19.6925,-1.6312576244463877
1107,/home/hjy/CampusData16/3/Scans/1107.pcd,1.63307,19.3773,-1.641250478751668
1108,/home/hjy/CampusData16/3/Scans/1108.pcd,1.58747,19.0547,-1.647176202372952
1109,/home/hjy/CampusData16/3/Scans/1109.pcd,1.55916,18.7475,-1.6232308349128322
1110,/home/hjy/CampusData16/3/Scans/1110.pcd,1.52912,18.1031,-1.6447428275630203
1111,/home/hjy/CampusData16/3/Scans/1111.pcd,1.50615,17.7847,-1.6218926151453543
1112,/home/hjy/CampusData16/3/Scans/1112.pcd,1.46083,17.1677,-1.6426979380660878
1113,/home/hjy/CampusData16/3/Scans/1113.pcd,1.44176,16.8364,-1.6218905494427187
1114,/home/hjy/CampusData16/3/Scans/1114.pcd,1.45529,16.5062,-1.635628865050594
1115,/home/hjy/CampusData16/3/Scans/1115.pcd,1.4043,16.1944,-1.644350974709484
1116,/home/hjy/CampusData16/3/Scans/1116.pcd,1.36627,15.872,-1.6524312709159552
1117,/home/hjy/CampusData16/3/Scans/1117.pcd,1.37106,15.561,-1.6713091690723785
1118,/home/hjy/CampusData16/3/Scans/1118.pcd,1.31328,15.2455,-1.67632237104733
1119,/home/hjy/CampusData16/3/Scans/1119.pcd,1.24742,14.9176,-1.6605980922623798
1120,/home/hjy/CampusData16/3/Scans/1120.pcd,1.24196,14.595,-1.6755713341671452
1121,/home/hjy/CampusData16/3/Scans/1121.pcd,1.13677,13.9706,-1.6641435631317447
1122,/home/hjy/CampusData16/3/Scans/1122.pcd,1.07293,13.3435,-1.6859831689669924
1123,/home/hjy/CampusData16/3/Scans/1123.pcd,1.02244,12.7003,-1.6808541896697689
1124,/home/hjy/CampusData16/3/Scans/1124.pcd,0.928145,12.082,-1.662376809068796
1125,/home/hjy/CampusData16/3/Scans/1125.pcd,0.913277,11.7486,-1.6759634652866047
1126,/home/hjy/CampusData16/3/Scans/1126.pcd,0.843067,11.2764,-1.6744756513297614
1127,/home/hjy/CampusData16/3/Scans/1127.pcd,0.801592,10.7986,-1.676199025278974
1128,/home/hjy/CampusData16/3/Scans/1128.pcd,0.717893,10.1754,-1.6637197741454552
1129,/home/hjy/CampusData16/3/Scans/1129.pcd,0.719283,9.84443,-1.6753260864392212
1130,/home/hjy/CampusData16/3/Scans/1130.pcd,0.617632,9.24597,-1.6604059198264718
1131,/home/hjy/CampusData16/3/Scans/1131.pcd,0.565496,8.59252,-1.6770948499971219
1132,/home/hjy/CampusData16/3/Scans/1132.pcd,0.512334,7.94652,-1.6634033124603338
1133,/home/hjy/CampusData16/3/Scans/1133.pcd,0.391577,7.63687,-1.6235933499673243
1134,/home/hjy/CampusData16/3/Scans/1134.pcd,0.472084,6.99961,-1.5630504206602172
1135,/home/hjy/CampusData16/3/Scans/1135.pcd,0.477942,6.35975,-1.5266264370571996
1136,/home/hjy/CampusData16/3/Scans/1136.pcd,0.466952,5.70938,-1.5368082605057645
1137,/home/hjy/CampusData16/3/Scans/1137.pcd,0.563956,4.89193,-1.5011353506465819
1138,/home/hjy/CampusData16/3/Scans/1138.pcd,0.61856,4.43849,-1.4839779039976937
1139,/home/hjy/CampusData16/3/Scans/1139.pcd,0.695406,3.47698,-1.5183382262778349
1140,/home/hjy/CampusData16/3/Scans/1140.pcd,0.649806,2.89774,-1.522839600801686
1141,/home/hjy/CampusData16/3/Scans/1141.pcd,0.660927,2.64464,-1.509078956977515
1142,/home/hjy/CampusData16/3/Scans/1142.pcd,0.681416,2.29117,-1.523478900630436
1143,/home/hjy/CampusData16/3/Scans/1143.pcd,0.679006,2.10659,-1.5195761823042777
1144,/home/hjy/CampusData16/3/Scans/1144.pcd,0.718376,1.93225,-1.5153107808633828
1145,/home/hjy/CampusData16/3/Scans/1145.pcd,0.713327,1.74003,-1.5211796833993836
1146,/home/hjy/CampusData16/3/Scans/1146.pcd,0.7337,1.63626,-1.5177768291976403
1147,/home/hjy/CampusData16/3/Scans/1147.pcd,0.756046,1.45571,-1.5186771323023462
1148,/home/hjy/CampusData16/3/Scans/1148.pcd,0.765944,1.43572,-1.5213050232212542
1149,/home/hjy/CampusData16/3/Scans/1149.pcd,0.767325,1.45336,-1.516398350760987
1150,/home/hjy/CampusData16/3/Scans/1150.pcd,0.766297,1.46899,-1.5167602198353385
1151,/home/hjy/CampusData16/3/Scans/1151.pcd,0.765542,1.51321,-1.5214351617745316
1152,/home/hjy/CampusData16/3/Scans/1152.pcd,0.766778,1.57902,-1.518744143036433
1153,/home/hjy/CampusData16/3/Scans/1153.pcd,0.766815,1.60748,-1.5220618435728386
1154,/home/hjy/CampusData16/3/Scans/1154.pcd,0.762149,1.62506,-1.5231607531871525
1155,/home/hjy/CampusData16/3/Scans/1155.pcd,0.769167,1.60122,-1.5223406108871322
1156,/home/hjy/CampusData16/3/Scans/1156.pcd,0.770349,1.59926,-1.5220111689691873
1157,/home/hjy/CampusData16/3/Scans/1157.pcd,0.769925,1.59693,-1.5214017169100893
1158,/home/hjy/CampusData16/3/Scans/1158.pcd,0.771484,1.59504,-1.5217011282588817
1159,/home/hjy/CampusData16/3/Scans/1159.pcd,0.771295,1.59232,-1.5212679327330836
1160,/home/hjy/CampusData16/3/Scans/1160.pcd,0.772942,1.59048,-1.5215070503579369
1161,/home/hjy/CampusData16/3/Scans/1161.pcd,0.773018,1.59064,-1.5215030666527776
1162,/home/hjy/CampusData16/3/Scans/1162.pcd,0.768317,1.5907,-1.5213963672488715
1163,/home/hjy/CampusData16/3/Scans/1163.pcd,0.769262,1.58992,-1.5211153910346045
1164,/home/hjy/CampusData16/3/Scans/1164.pcd,0.77041,1.59212,-1.5213427460134488
1165,/home/hjy/CampusData16/3/Scans/1165.pcd,0.770126,1.59399,-1.5212614702697416
1166,/home/hjy/CampusData16/3/Scans/1166.pcd,0.76876,1.592,-1.5214009418740209
1167,/home/hjy/CampusData16/3/Scans/1167.pcd,0.769354,1.59447,-1.5214455123311974
1168,/home/hjy/CampusData16/3/Scans/1168.pcd,0.772011,1.59043,-1.5214043269919326
1169,/home/hjy/CampusData16/3/Scans/1169.pcd,0.770783,1.59017,-1.5214110660382782
1170,/home/hjy/CampusData16/3/Scans/1170.pcd,0.770449,1.58923,-1.5211089339139825
1171,/home/hjy/CampusData16/3/Scans/1171.pcd,0.770166,1.58999,-1.5211915647577543
1172,/home/hjy/CampusData16/3/Scans/1172.pcd,0.769713,1.59315,-1.521196962423686
1173,/home/hjy/CampusData16/3/Scans/1173.pcd,0.769605,1.59275,-1.5210929761404097
1174,/home/hjy/CampusData16/3/Scans/1174.pcd,0.767426,1.5932,-1.521062800609222
1175,/home/hjy/CampusData16/3/Scans/1175.pcd,0.768631,1.58941,-1.5211305998060245
1176,/home/hjy/CampusData16/3/Scans/1176.pcd,0.770107,1.59059,-1.5212012743832082
1177,/home/hjy/CampusData16/3/Scans/1177.pcd,0.769636,1.59072,-1.521102943441471
1178,/home/hjy/CampusData16/3/Scans/1178.pcd,0.76944,1.59004,-1.5207772415733762
